<?xml version="1.0" encoding="UTF-8"?>
<assets PGFVersion="0.17" GSCVersion="0.9.92"><sounds/><images><image name="Star"><file name="Star.png" size="8450"/></image><image name="Star-1"><file name="Star-1.png" size="8450"/></image><image name="SkyWard"><file name="SkyWard.png" size="3040"/></image><image name="play_again_button"><file name="play_again_button.png" size="24397"/></image><image name="Zcopter 512x512"><file name="Zcopter 512x512.png" size="88350"/></image><image name="2"><file name="2.png" size="85037"/></image><image name="1"><file name="1.png" size="86046"/></image><image name="3"><file name="3.png" size="83093"/></image><image name="4"><file name="4.png" size="78451"/></image><image name="5"><file name="5.png" size="72756"/></image><image name="7"><file name="7.png" size="61094"/></image><image name="8"><file name="8.png" size="50235"/></image><image name="6"><file name="6.png" size="68460"/></image><image name="9"><file name="9.png" size="39409"/></image><image name="11"><file name="11.png" size="10274"/></image><image name="10"><file name="10.png" size="29052"/></image><image name="Previous"><file name="Previous.png" size="7234"/></image><image name="checkmark"><file name="checkmark.png" size="35960"/></image><image name="Pause Button"><file name="Pause Button.png" size="5287"/></image></images><behaviors/></assets>
