<?xml version="1.0" encoding="UTF-8"?>
<game GSCVersion="0.9.92" PGFVersion="0.17" title="Zcopter"><resolutionIndependence>0</resolutionIndependence><instructions>Add game instructions here.</instructions><resolution>0</resolution><longDescription>A tabula rasa, a blank slate on which one may create a masterpiece.</longDescription><prototypes><actor id="id244717"/><actor id="id505383"/><actor id="id268366"/><actor id="id892907"/><actor id="id441695"/><actor id="id472355"/><actor id="id144446"/><actor id="id509765"/><actor id="id580035"/><actor id="id968664"/><actor id="id561615"/><actor id="id671236"/><actor id="id375542"/><actor id="id631121"/><actor id="id463521"/><actor id="id147694"/><actor id="id476612"/><actor id="id672614"/><actor id="id280505"/><actor id="id295284"/><actor id="id946680"/><actor id="id144394"/><actor id="id652091"/><actor id="id712031"/><actor id="id656344"/><actor id="id516873"/><actor id="id929561"/><actor id="id767401"/><actor id="id427855"/><actor id="id249397"/><actor id="id825883"/><actor id="id611162"/><actor id="id604224"/><actor id="id362982"/><actor id="id111065"/><actor id="id887719"/><actor id="id784637"/><actor id="id299853"/><actor id="id117258"/><actor id="id549224"/><actor id="id140372"/><actor id="id870423"/><actor id="id392194"/><actor id="id687135"/><actor id="id972354"/><actor id="id218869"/><actor id="id866052"/><actor id="id755521"/><actor id="id277479"/><actor id="id280112"/><actor id="id409624"/><actor id="id921288"/><actor id="id947173"/><actor id="id754132"/><actor id="id439779"/></prototypes><plugins><attributes id="kiip"><text id="appKey"></text><text id="appSecret"></text><text id="achievementIdentifiers"></text><text id="achievementNames"></text><text id="leaderboardIdentifiers"></text><text id="leaderboardNames"></text></attributes><attributes id="playhaven"/></plugins><scenes><scene id="id326697"/><scene id="id269551"/><scene id="id799947"/><scene id="id591036"/><scene id="id101508"/><scene id="id735671"/><scene id="id194869"/></scenes><attributes><text id="name">default name</text><real id="time">0</real><size id="displaySize"><real id="width">480</real><real id="height">320</real></size><text id="actorTags">copter	enemies</text><boolean name="Helicopter movement" id="id733397">false</boolean><boolean name="game end" id="id148573">true</boolean><boolean name="Play again" id="id680449">false</boolean><integer name="Score" id="id983882">0</integer><text name="Speed" id="id704464">medium</text><integer name="Highscore" id="id947383">0</integer><text name="Keyboard" id="id448619"></text><boolean name="New highscore" id="id771612">false</boolean><integer name="Slow highscore" id="id586871">0</integer><integer name="Fast highcore" id="id993501">0</integer><text name="Keyboard2" id="id723634"></text><text name="Keyboard 3" id="id904252"></text><boolean name="Background" id="id302786">false</boolean><integer name="Speed check" id="id954409">2</integer></attributes></game>
