<?xml version="1.0" encoding="UTF-8"?>
<scene id="id815652" GSCVersion="0.12.10" PGFVersion="0.21"><layers><layer id="id898198"><actors><actor id="id485074" prototype="id422902"><attributes><point id="position"><real id="x">284.465</real><real id="y">160.77</real></point><size id="size"><real id="width">568</real><real id="height">320</real></size></attributes><aspects/></actor></actors><attributes><text id="name">Background</text><boolean id="scrollable">true</boolean></attributes></layer></layers><attributes><text id="name">title</text><real id="time">0</real><size id="size"><real id="width">568</real><real id="height">320</real></size><boolean id="wrapX">false</boolean><boolean id="wrapY">false</boolean><point id="gravity"><real id="x">0</real><real id="y">0</real></point><color id="color"><real id="red">0</real><real id="green">0</real><real id="blue">0</real><real id="alpha">1</real></color><rect id="camera"><point id="origin"><real id="x">0</real><real id="y">0</real></point><size id="size"><real id="width">568</real><real id="height">320</real></size><size id="trackingArea"><real id="width">488</real><real id="height">240</real></size><real id="rotation">0</real></rect><attributes id="autorotate"><boolean id="landscapeLeft">true</boolean><boolean id="portrait">false</boolean><boolean id="landscapeRight">false</boolean><boolean id="portraitUpsideDown">false</boolean></attributes></attributes></scene>
