<?xml version="1.0" encoding="UTF-8"?>
<scene id="id269551" GSCVersion="0.12.10" PGFVersion="0.21"><layers><layer id="id112326"><actors><actor id="id750158" prototype="id208437"><attributes><point id="position"><real id="x">282.977</real><real id="y">183.746</real></point><size id="size"><real id="width">588.328</real><real id="height">374.469</real></size></attributes><aspects/></actor><actor id="id395564" prototype="id452712"><attributes><point id="position"><real id="x">436.184</real><real id="y">161.758</real></point><size id="size"><real id="width">283.148</real><real id="height">399.438</real></size></attributes><aspects/></actor><actor id="id827344" prototype="id414880"><attributes><point id="position"><real id="x">125.906</real><real id="y">161.672</real></point><size id="size"><real id="width">291.977</real><real id="height">398.695</real></size></attributes><aspects/></actor><actor id="id438864" prototype="id596685"><attributes><point id="position"><real id="x">279.664</real><real id="y">118.653</real></point><size id="size"><real id="width">547.364</real><real id="height">244.933</real></size><image id="image">roadFrame0001</image></attributes><aspects/></actor><actor id="id276343" prototype="id498385"><attributes><point id="position"><real id="x">281</real><real id="y">243</real></point><size id="size"><real id="width">5</real><real id="height">5</real></size><angle id="rotation">0</angle><integer name="angle" id="id121251">270</integer><integer name="jumpHeight" id="id122004">35</integer><integer name="lane" id="id586499">2</integer><integer name="count" id="id976234">1</integer></attributes><aspects/></actor><actor id="id929048" prototype="id234187"><attributes><point id="position"><real id="x">278.553</real><real id="y">-9.2188</real></point><size id="size"><real id="width">689.387</real><real id="height">100</real></size></attributes><aspects/></actor><actor id="id839702" prototype="id498385"><attributes><point id="position"><real id="x">276</real><real id="y">242</real></point><size id="size"><real id="width">5</real><real id="height">5</real></size><angle id="rotation">0</angle><integer name="angle" id="id121251">230</integer><integer name="jumpHeight" id="id122004">50</integer><integer name="lane" id="id586499">1</integer><integer name="count" id="id976234">1</integer></attributes><aspects/></actor><actor id="id771995" prototype="id498385"><attributes><point id="position"><real id="x">287</real><real id="y">242</real></point><size id="size"><real id="width">5</real><real id="height">5</real></size><angle id="rotation">0</angle><integer name="angle" id="id121251">312</integer><integer name="jumpHeight" id="id122004">42</integer><boolean name="go" id="id593866">false</boolean><integer name="lane" id="id586499">3</integer><integer name="count" id="id976234">1</integer></attributes><aspects/></actor><actor id="id722190" prototype="id430408"><attributes><point id="position"><real id="x">246.924</real><real id="y">241.924</real></point><size id="size"><real id="width">28.9102</real><real id="height">28.8633</real></size></attributes><aspects/></actor><actor id="id905378" prototype="id430408"><attributes><point id="position"><real id="x">338.604</real><real id="y">245.682</real></point><size id="size"><real id="width">37.1133</real><real id="height">38.3008</real></size><integer name="angle" id="id121251">355</integer></attributes><aspects/></actor><actor id="id622314" prototype="id430408"><attributes><point id="position"><real id="x">305.748</real><real id="y">244.963</real></point><size id="size"><real id="width">31.7695</real><real id="height">30.3789</real></size><integer name="angle" id="id121251">348</integer></attributes><aspects/></actor><actor id="id611508" prototype="id430408"><attributes><point id="position"><real id="x">202.523</real><real id="y">242.992</real></point><size id="size"><real id="width">25.9219</real><real id="height">29.3438</real></size><integer name="angle" id="id121251">186</integer></attributes><aspects/></actor><actor id="id801004" prototype="id498385"><attributes><point id="position"><real id="x">276</real><real id="y">242</real></point><size id="size"><real id="width">5</real><real id="height">5</real></size><integer name="angle" id="id121251">230</integer><integer name="lane" id="id586499">1</integer><integer name="count" id="id976234">2</integer></attributes><aspects/></actor><actor id="id562887" prototype="id498385"><attributes><point id="position"><real id="x">281</real><real id="y">243</real></point><size id="size"><real id="width">5</real><real id="height">5</real></size><integer name="angle" id="id121251">270</integer><integer name="lane" id="id586499">2</integer><integer name="count" id="id976234">2</integer></attributes><aspects/></actor><actor id="id752887" prototype="id498385"><attributes><point id="position"><real id="x">287</real><real id="y">242</real></point><size id="size"><real id="width">5</real><real id="height">5</real></size><integer name="angle" id="id121251">312</integer><integer name="lane" id="id586499">3</integer><integer name="count" id="id976234">2</integer></attributes><aspects/></actor><actor id="id270896" prototype="id498385"><attributes><point id="position"><real id="x">276</real><real id="y">242</real></point><size id="size"><real id="width">5</real><real id="height">5</real></size><integer name="angle" id="id121251">230</integer><integer name="lane" id="id586499">1</integer><integer name="count" id="id976234">3</integer></attributes><aspects/></actor><actor id="id487674" prototype="id498385"><attributes><point id="position"><real id="x">281</real><real id="y">243</real></point><size id="size"><real id="width">5</real><real id="height">5</real></size><integer name="angle" id="id121251">270</integer><integer name="lane" id="id586499">2</integer><integer name="count" id="id976234">3</integer></attributes><aspects/></actor><actor id="id452285" prototype="id498385"><attributes><point id="position"><real id="x">287</real><real id="y">241</real></point><size id="size"><real id="width">5</real><real id="height">5</real></size><integer name="angle" id="id121251">312</integer><integer name="lane" id="id586499">3</integer><integer name="count" id="id976234">3</integer></attributes><aspects/></actor><actor id="id341642" prototype="id929937"><attributes><point id="position"><real id="x">281.031</real><real id="y">66.7695</real></point><size id="size"><real id="width">128</real><real id="height">84.6719</real></size></attributes><aspects/></actor><actor id="id108687" prototype="id165981"><attributes><point id="position"><real id="x">281</real><real id="y">70.383</real></point><size id="size"><real id="width">110</real><real id="height">64</real></size><angle id="rotation">0</angle><image id="image">madCabFrame-01</image></attributes><aspects/></actor><actor id="id608841" prototype="id145856"><attributes><point id="position"><real id="x">110.602</real><real id="y">286.918</real></point><size id="size"><real id="width">128</real><real id="height">64</real></size></attributes><aspects/></actor><actor id="id459934" prototype="id839566"><attributes><point id="position"><real id="x">51.4844</real><real id="y">-33.7188</real></point></attributes><aspects/></actor><actor id="id300432" prototype="id298854"><attributes><point id="position"><real id="x">458.098</real><real id="y">286.641</real></point><size id="size"><real id="width">128</real><real id="height">64</real></size></attributes><aspects/></actor></actors><attributes><text id="name">Background</text><boolean id="scrollable">true</boolean></attributes></layer></layers><attributes><text id="name">main scene</text><real id="time">0</real><size id="size"><real id="width">568</real><real id="height">320</real></size><boolean id="wrapX">false</boolean><boolean id="wrapY">false</boolean><point id="gravity"><real id="x">0</real><real id="y">0</real></point><color id="color"><real id="red">0</real><real id="green">0</real><real id="blue">0</real><real id="alpha">1</real></color><rect id="camera"><point id="origin"><real id="x">0</real><real id="y">0</real></point><size id="size"><real id="width">568</real><real id="height">320</real></size><size id="trackingArea"><real id="width">488</real><real id="height">240</real></size><real id="rotation">0</real></rect><attributes id="autorotate"><boolean id="landscapeLeft">true</boolean><boolean id="portrait">false</boolean><boolean id="landscapeRight">false</boolean><boolean id="portraitUpsideDown">false</boolean></attributes></attributes></scene>
