<?xml version="1.0" encoding="UTF-8"?>
<assets PGFVersion="0.21" GSCVersion="0.12.10"><sounds/><images><image name="crazy_taxi"><file premulAlpha="0" name="crazy_taxi.png" size="149582"/></image><image name="tmpbg"><file premulAlpha="0" name="tmpbg.png" size="424184"/></image><image name="roadFrame0004"><file premulAlpha="0" name="roadFrame0004.png" size="108614"/></image><image name="roadFrame0001"><file premulAlpha="0" name="roadFrame0001.png" size="108033"/></image><image name="roadFrame0003"><file premulAlpha="0" name="roadFrame0003.png" size="108701"/></image><image name="roadFrame0002"><file premulAlpha="0" name="roadFrame0002.png" size="108503"/></image><image name="roadFrame0005"><file premulAlpha="0" name="roadFrame0005.png" size="108182"/></image><image name="roadFrame0007"><file premulAlpha="0" name="roadFrame0007.png" size="107343"/></image><image name="roadFrame0006"><file premulAlpha="0" name="roadFrame0006.png" size="107931"/></image><image name="roadFrame0008"><file premulAlpha="0" name="roadFrame0008.png" size="107666"/></image><image name="roadFrame0012"><file premulAlpha="0" name="roadFrame0012.png" size="107706"/></image><image name="roadFrame0009"><file premulAlpha="0" name="roadFrame0009.png" size="107092"/></image><image name="roadFrame0010"><file premulAlpha="0" name="roadFrame0010.png" size="107515"/></image><image name="roadFrame0011"><file premulAlpha="0" name="roadFrame0011.png" size="107626"/></image><image name="roadFrame0014"><file premulAlpha="0" name="roadFrame0014.png" size="107188"/></image><image name="roadFrame0013"><file premulAlpha="0" name="roadFrame0013.png" size="107681"/></image><image name="roadFrame0015"><file premulAlpha="0" name="roadFrame0015.png" size="107147"/></image><image name="roadFrame0016"><file premulAlpha="0" name="roadFrame0016.png" size="105860"/></image><image name="roadFrame0018"><file premulAlpha="0" name="roadFrame0018.png" size="106325"/></image><image name="roadFrame0017"><file premulAlpha="0" name="roadFrame0017.png" size="105990"/></image><image name="roadFrame0020"><file premulAlpha="0" name="roadFrame0020.png" size="107376"/></image><image name="roadFrame0022"><file premulAlpha="0" name="roadFrame0022.png" size="107623"/></image><image name="roadFrame0019"><file premulAlpha="0" name="roadFrame0019.png" size="106451"/></image><image name="roadFrame0021"><file premulAlpha="0" name="roadFrame0021.png" size="107615"/></image><image name="roadFrame0023"><file premulAlpha="0" name="roadFrame0023.png" size="108679"/></image><image name="roadFrame0026"><file premulAlpha="0" name="roadFrame0026.png" size="106841"/></image><image name="roadFrame0024"><file premulAlpha="0" name="roadFrame0024.png" size="107866"/></image><image name="roadFrame0025"><file premulAlpha="0" name="roadFrame0025.png" size="107472"/></image><image name="roadFrame0027"><file premulAlpha="0" name="roadFrame0027.png" size="106568"/></image><image name="roadFrame0028"><file premulAlpha="0" name="roadFrame0028.png" size="107294"/></image><image name="roadFrame0029"><file premulAlpha="0" name="roadFrame0029.png" size="107890"/></image><image name="roadFrame0030"><file premulAlpha="0" name="roadFrame0030.png" size="108555"/></image><image name="madCab"><file premulAlpha="0" name="madCab.png" size="18500"/></image><image name="regularCarBlue"><file premulAlpha="0" name="regularCarBlue.png" size="42082"/></image><image name="regularCarGreen"><file premulAlpha="0" name="regularCarGreen.png" size="150206"/></image><image name="regularCarRed"><file premulAlpha="0" name="regularCarRed.png" size="149877"/></image><image name="madCabFrame-01"><file premulAlpha="0" name="madCabFrame-01.png" size="50543"/></image><image name="madCabFrame-02"><file premulAlpha="0" name="madCabFrame-02.png" size="50809"/></image><image name="sandBase"><file premulAlpha="0" name="sandBase.png" size="656185"/></image><image name="background"><file premulAlpha="0" name="background.png" size="924188"/></image><image name="mockupScreen"><file premulAlpha="0" name="mockupScreen.png" size="933202"/></image><image name="titleMockup"><file premulAlpha="0" name="titleMockup.png" size="1151376"/></image><image name="skullSpear"><file premulAlpha="0" name="skullSpear.png" size="54923"/></image><image name="rocks"><file premulAlpha="0" name="rocks.png" size="35499"/></image><image name="cactus"><file premulAlpha="0" name="cactus.png" size="74441"/></image><image name="checkpointFlag"><file premulAlpha="0" name="checkpointFlag.png" size="53250"/></image><image name="roadFrame1"><file premulAlpha="0" name="roadFrame1.png" size="108033"/></image><image name="roadFrame3"><file premulAlpha="0" name="roadFrame3.png" size="108701"/></image><image name="roadFrame2"><file premulAlpha="0" name="roadFrame2.png" size="108503"/></image><image name="roadFrame4"><file premulAlpha="0" name="roadFrame4.png" size="108614"/></image><image name="roadFrame5"><file premulAlpha="0" name="roadFrame5.png" size="108182"/></image><image name="roadFrame8"><file premulAlpha="0" name="roadFrame8.png" size="107666"/></image><image name="roadFrame7"><file premulAlpha="0" name="roadFrame7.png" size="107343"/></image><image name="roadFrame6"><file premulAlpha="0" name="roadFrame6.png" size="107931"/></image><image name="roadFrame9"><file premulAlpha="0" name="roadFrame9.png" size="107092"/></image><image name="roadFrame11"><file premulAlpha="0" name="roadFrame11.png" size="107626"/></image><image name="roadFrame10"><file premulAlpha="0" name="roadFrame10.png" size="107515"/></image><image name="roadFrame16"><file premulAlpha="0" name="roadFrame16.png" size="105860"/></image><image name="roadFrame13"><file premulAlpha="0" name="roadFrame13.png" size="107681"/></image><image name="roadFrame12"><file premulAlpha="0" name="roadFrame12.png" size="107706"/></image><image name="roadFrame14"><file premulAlpha="0" name="roadFrame14.png" size="107188"/></image><image name="roadFrame17"><file premulAlpha="0" name="roadFrame17.png" size="105990"/></image><image name="roadFrame15"><file premulAlpha="0" name="roadFrame15.png" size="107147"/></image><image name="roadFrame18"><file premulAlpha="0" name="roadFrame18.png" size="106325"/></image><image name="roadFrame19"><file premulAlpha="0" name="roadFrame19.png" size="106451"/></image><image name="roadFrame25"><file premulAlpha="0" name="roadFrame25.png" size="107472"/></image><image name="roadFrame24"><file premulAlpha="0" name="roadFrame24.png" size="107866"/></image><image name="roadFrame20"><file premulAlpha="0" name="roadFrame20.png" size="107376"/></image><image name="roadFrame22"><file premulAlpha="0" name="roadFrame22.png" size="107623"/></image><image name="roadFrame23"><file premulAlpha="0" name="roadFrame23.png" size="108679"/></image><image name="roadFrame21"><file premulAlpha="0" name="roadFrame21.png" size="107615"/></image><image name="roadFrame29"><file premulAlpha="0" name="roadFrame29.png" size="107890"/></image><image name="roadFrame26"><file premulAlpha="0" name="roadFrame26.png" size="106841"/></image><image name="roadFrame27"><file premulAlpha="0" name="roadFrame27.png" size="106568"/></image><image name="roadFrame30"><file premulAlpha="0" name="roadFrame30.png" size="108555"/></image><image name="roadFrame28"><file premulAlpha="0" name="roadFrame28.png" size="107294"/></image><image name="gaspedal"><file premulAlpha="0" name="gaspedal.png" size="14511"/></image><image name="jump"><file premulAlpha="0" name="jump.png" size="13095"/></image><image name="distance"><file premulAlpha="0" name="distance.png" size="10065"/></image><image name="checkpointReached"><file premulAlpha="0" name="checkpointReached.png" size="21219"/></image><image name="timeleft"><file premulAlpha="0" name="timeleft.png" size="9515"/></image><image name="gameover"><file premulAlpha="0" name="gameover.png" size="16599"/></image><image name="shadow"><file premulAlpha="0" name="shadow.png" size="16530"/></image></images><behaviors/></assets>
