<?xml version="1.0" encoding="UTF-8"?>
<game GSCVersion="0.12.10" PGFVersion="0.21" title="Mad Cab"><resolutionIndependence>1</resolutionIndependence><instructions>On PC, right and left arrows to move in the corresponding direction. Spacebar to jump.

On device, touch the right and left sides of the screen to move in the corresponding direction. Touch both sides at the same time to execute a jump.</instructions><resolution>12</resolution><attributes><text id="name">default name</text><real id="time">0</real><size id="displaySize"><real id="width">568</real><real id="height">320</real></size><text id="actorTags"></text><boolean name="MoveRight" id="id189065">false</boolean><boolean name="MoveLeft" id="id957187">false</boolean><boolean name="Jump" id="id733983">false</boolean><boolean name="onGround" id="id415223">false</boolean><real name="CarY" id="id904878">0</real><integer name="speed" id="id686785">0</integer><integer name="plrCurrLane" id="id563926">2</integer><boolean name="carIsHit" id="id645354">false</boolean><boolean name="accelerate" id="id497479">false</boolean><integer name="distance" id="id864168">0</integer><integer name="level" id="id721575">0</integer><integer name="lane1LastLaunchDist" id="id105144">0</integer><integer name="lane2LastLaunchDist" id="id489151">0</integer><integer name="lane3LastLaunchDist" id="id926643">0</integer><integer name="lane1LastLaunchCnt" id="id273635">0</integer><integer name="lane2LastLaunchCnt" id="id413451">0</integer><integer name="lane3LastLaunchCnt" id="id569302">0</integer><boolean name="uiPressed" id="id370420">false</boolean><integer name="maxSpeed" id="id200899">75</integer><integer name="timeLeft" id="id333419">90</integer><boolean name="gameOver" id="id454802">false</boolean><table name="PurchaseTable" id="id850698">PurchaseTable</table></attributes><prototypes><actor id="id165981"/><actor id="id498385"/><actor id="id430408"/><actor id="id452712"/><actor id="id929937"/><actor id="id414880"/><actor id="id234187"/><actor id="id208437"/><actor id="id415011"/><actor id="id596685"/><actor id="id554666"/><actor id="id422902"/><actor id="id839566"/><actor id="id394643"/><actor id="id145856"/><actor id="id298854"/><actor id="id818794"/><actor id="id688287"/></prototypes><plugins><attributes id="playhaven"/><attributes id="qqgamecenter"><boolean id="enabled">false</boolean></attributes></plugins><scenes><scene id="id815652" label="title"/><scene id="id269551" label="main scene"/></scenes><networkEnabled>0</networkEnabled></game>
