<?xml version="1.0" encoding="UTF-8"?>
<actor PGFVersion="0.21" id="id165981" GSCVersion="0.12.10"><attributes><text id="name">car</text><real id="time">0</real><point id="position"><real id="x">0</real><real id="y">0</real></point><size id="size"><real id="width">100</real><real id="height">100</real></size><angle id="rotation">0</angle><color id="color"><real id="red">1</real><real id="green">1</real><real id="blue">1</real><real id="alpha">1</real></color><image id="image"></image><text id="tags"></text><boolean id="preloadArt">false</boolean></attributes><behaviors><behavior id="id494948" class="NoteBehavior" enabled="true"><attributes><text id="name">Note</text><text id="bundleName">Note.behavior</text><text id="note">---CAR---
This actor represents the players vehicle in the scene.</text></attributes></behavior><behavior id="id296749" class="AnimateBehavior" enabled="true"><attributes><text id="name">Animate</text><text id="bundleName">Animate.behavior</text><text id="images">madCabFrame-01	madCabFrame-02</text><index id="speed">10</index><boolean id="loop">true</boolean><boolean id="restoreActorImage">false</boolean></attributes></behavior><behavior id="id852681" class="ConstrainAttributeBehavior" enabled="false"><attributes><text id="name">Constrain Attribute</text><text id="bundleName">ConstrainAttribute.behavior</text><text id="targetAttribute">game.attributes.id904878</text><text id="RHS"><expression><reference keypath="self.attributes.position.y"/></expression></text></attributes></behavior><behavior id="id881152" class="CompoundBehavior" enabled="true"><attributes><text id="name">Car Jump Rules</text><text id="bundleName">Group.behavior</text></attributes><behaviors><behavior id="id647718" class="CollideBehavior" enabled="true"><attributes><text id="name">Collide</text><text id="bundleName">Collide.behavior</text><text id="prototypeKey">id234187</text><text id="actorTag"></text><index id="mode">0</index></attributes></behavior><behavior id="id946270" class="AccelerateBehavior" enabled="true"><attributes><text id="name">Accelerate</text><text id="bundleName">Accelerate.behavior</text><angle id="direction">270</angle><index id="space">1</index><real id="acceleration"><expression><string xml:space="preserve">3000</string></expression></real></attributes></behavior><behavior enabled="true" id="id936344" class="RuleBehavior"><attributes><text id="name">Rule</text><text id="bundleName">Rule.behavior</text><real id="compoundConditionKind">0</real></attributes><conditions><condition id="id598414" pluginPredicateTypeIndex="0" eventType="mouse position"><attributes><index id="conditionType">1</index><text id="subjectAttribute">game.attributes.id733983</text></attributes><predicate type="boolean"><attributes><index id="RHS">1</index></attributes></predicate></condition></conditions><behaviors><behavior id="id673372" class="ChangeAttributeAction" enabled="true"><attributes><text id="name">Change Attribute</text><text id="bundleName">ChangeAttribute.behavior</text><text id="targetAttribute">self.aspects.motion.attributes.linearVelocity.y</text><text id="RHS"><expression><string xml:space="preserve">800</string></expression></text></attributes></behavior></behaviors><elseBehaviors/></behavior><behavior enabled="true" id="id867213" class="RuleBehavior"><attributes><text id="name">Rule</text><text id="bundleName">Rule.behavior</text><real id="compoundConditionKind">0</real></attributes><conditions><condition id="id325011" pluginPredicateTypeIndex="0" eventType="overlaps or collides"><attributes><index id="conditionType">0</index></attributes><predicate type="collision"><attributes><text id="prototypeKey">id234187</text><text id="actorTag"></text><real id="mode">0</real></attributes></predicate></condition></conditions><behaviors><behavior id="id690232" class="ChangeAttributeAction" enabled="true"><attributes><text id="name">Change Attribute</text><text id="bundleName">ChangeAttribute.behavior</text><text id="targetAttribute">game.attributes.id415223</text><text id="RHS">true</text></attributes></behavior></behaviors><elseBehaviors><behavior id="id733660" class="ChangeAttributeAction" enabled="true"><attributes><text id="name">Change Attribute</text><text id="bundleName">ChangeAttribute.behavior</text><text id="targetAttribute">game.attributes.id415223</text><text id="RHS">false</text></attributes></behavior></elseBehaviors></behavior></behaviors></behavior><behavior enabled="true" id="id258341" class="RuleBehavior"><attributes><text id="name">Rule</text><text id="bundleName">Rule.behavior</text><real id="compoundConditionKind">0</real></attributes><conditions><condition id="id965528" pluginPredicateTypeIndex="0" eventType="mouse position"><attributes><index id="conditionType">1</index><text id="subjectAttribute">game.attributes.id957187</text></attributes><predicate type="boolean"><attributes><index id="RHS">1</index></attributes></predicate></condition><condition id="id134779" pluginPredicateTypeIndex="0" eventType="mouse position"><attributes><index id="conditionType">1</index><text id="subjectAttribute">self.attributes.position.x</text></attributes><predicate type="number"><attributes><text id="operator">=</text><real id="RHS">400</real></attributes></predicate></condition></conditions><behaviors><behavior id="id210920" class="InterpolateBehavior" enabled="true"><attributes><text id="name">Interpolate</text><text id="bundleName">Interpolate.behavior</text><boolean id="runToCompletion">true</boolean><text id="targetAttribute">self.attributes.position.x</text><real id="finalValue"><expression><string xml:space="preserve">281</string></expression></real><real id="duration"><expression><string xml:space="preserve">0.17</string></expression></real><index id="easing">3</index></attributes></behavior><behavior id="id476737" class="InterpolateBehavior" enabled="true"><attributes><text id="name">Interpolate</text><text id="bundleName">Interpolate.behavior</text><boolean id="runToCompletion">true</boolean><text id="targetAttribute">self.attributes.rotation</text><real id="finalValue"><expression><string xml:space="preserve">-70</string></expression></real><real id="duration"><expression><string xml:space="preserve">0.09</string></expression></real><index id="easing">0</index></attributes></behavior><behavior id="id568045" class="TimerBehavior" enabled="true"><attributes><text id="name">Timer</text><text id="bundleName">Timer.behavior</text><index id="timerType">1</index><real id="interval"><expression><string xml:space="preserve">0.13</string></expression></real><boolean id="runToCompletion">true</boolean></attributes><behaviors><behavior id="id428906" class="ChangeAttributeAction" enabled="true"><attributes><text id="name">Change Attribute</text><text id="bundleName">ChangeAttribute.behavior</text><text id="targetAttribute">self.attributes.rotation</text><text id="RHS"><expression><string xml:space="preserve">0</string></expression></text></attributes></behavior></behaviors></behavior><behavior id="id700378" class="ChangeAttributeAction" enabled="false"><attributes><text id="name">Change Attribute</text><text id="bundleName">ChangeAttribute.behavior</text><text id="targetAttribute">self.attributes.position.x</text><text id="RHS">281</text></attributes></behavior><behavior id="id795468" class="ChangeAttributeAction" enabled="true"><attributes><text id="name">Change Attribute</text><text id="bundleName">ChangeAttribute.behavior</text><text id="targetAttribute">game.attributes.id563926</text><text id="RHS"><expression><string xml:space="preserve">2</string></expression></text></attributes></behavior><behavior id="id689296" class="ChangeAttributeAction" enabled="true"><attributes><text id="name">Change Attribute</text><text id="bundleName">ChangeAttribute.behavior</text><text id="targetAttribute">game.attributes.id957187</text><text id="RHS">false</text></attributes></behavior></behaviors><elseBehaviors/></behavior><behavior enabled="true" id="id584167" class="RuleBehavior"><attributes><text id="name">Rule</text><text id="bundleName">Rule.behavior</text><real id="compoundConditionKind">0</real></attributes><conditions><condition id="id965528" pluginPredicateTypeIndex="0" eventType="mouse position"><attributes><index id="conditionType">1</index><text id="subjectAttribute">game.attributes.id957187</text></attributes><predicate type="boolean"><attributes><index id="RHS">1</index></attributes></predicate></condition><condition id="id134779" pluginPredicateTypeIndex="0" eventType="mouse position"><attributes><index id="conditionType">1</index><text id="subjectAttribute">self.attributes.position.x</text></attributes><predicate type="number"><attributes><text id="operator">=</text><real id="RHS">281</real></attributes></predicate></condition></conditions><behaviors><behavior id="id598466" class="ChangeAttributeAction" enabled="false"><attributes><text id="name">Change Attribute</text><text id="bundleName">ChangeAttribute.behavior</text><text id="targetAttribute">self.attributes.position.x</text><text id="RHS">150</text></attributes></behavior><behavior id="id181828" class="InterpolateBehavior" enabled="true"><attributes><text id="name">Interpolate</text><text id="bundleName">Interpolate.behavior</text><boolean id="runToCompletion">true</boolean><text id="targetAttribute">self.attributes.position.x</text><real id="finalValue"><expression><string xml:space="preserve">150</string></expression></real><real id="duration"><expression><string xml:space="preserve">0.17</string></expression></real><index id="easing">3</index></attributes></behavior><behavior id="id989482" class="InterpolateBehavior" enabled="true"><attributes><text id="name">Interpolate</text><text id="bundleName">Interpolate.behavior</text><boolean id="runToCompletion">true</boolean><text id="targetAttribute">self.attributes.rotation</text><real id="finalValue"><expression><string xml:space="preserve">-70</string></expression></real><real id="duration"><expression><string xml:space="preserve">0.09</string></expression></real><index id="easing">0</index></attributes></behavior><behavior id="id703996" class="TimerBehavior" enabled="true"><attributes><text id="name">Timer</text><text id="bundleName">Timer.behavior</text><index id="timerType">1</index><real id="interval"><expression><string xml:space="preserve">0.13</string></expression></real><boolean id="runToCompletion">true</boolean></attributes><behaviors><behavior id="id844349" class="ChangeAttributeAction" enabled="true"><attributes><text id="name">Change Attribute</text><text id="bundleName">ChangeAttribute.behavior</text><text id="targetAttribute">self.attributes.rotation</text><text id="RHS"><expression><string xml:space="preserve">0</string></expression></text></attributes></behavior></behaviors></behavior><behavior id="id465921" class="ChangeAttributeAction" enabled="true"><attributes><text id="name">Change Attribute</text><text id="bundleName">ChangeAttribute.behavior</text><text id="targetAttribute">game.attributes.id563926</text><text id="RHS"><expression><string xml:space="preserve">1</string></expression></text></attributes></behavior><behavior id="id738721" class="ChangeAttributeAction" enabled="true"><attributes><text id="name">Change Attribute</text><text id="bundleName">ChangeAttribute.behavior</text><text id="targetAttribute">game.attributes.id957187</text><text id="RHS">false</text></attributes></behavior></behaviors><elseBehaviors/></behavior><behavior enabled="true" id="id497108" class="RuleBehavior"><attributes><text id="name">Rule</text><text id="bundleName">Rule.behavior</text><real id="compoundConditionKind">0</real></attributes><conditions><condition id="id965528" pluginPredicateTypeIndex="0" eventType="mouse position"><attributes><index id="conditionType">1</index><text id="subjectAttribute">game.attributes.id189065</text></attributes><predicate type="boolean"><attributes><index id="RHS">1</index></attributes></predicate></condition><condition id="id134779" pluginPredicateTypeIndex="0" eventType="mouse position"><attributes><index id="conditionType">1</index><text id="subjectAttribute">self.attributes.position.x</text></attributes><predicate type="number"><attributes><text id="operator">=</text><real id="RHS">150</real></attributes></predicate></condition></conditions><behaviors><behavior id="id225934" class="ChangeAttributeAction" enabled="false"><attributes><text id="name">Change Attribute</text><text id="bundleName">ChangeAttribute.behavior</text><text id="targetAttribute">self.attributes.position.x</text><text id="RHS">281</text></attributes></behavior><behavior id="id752607" class="InterpolateBehavior" enabled="true"><attributes><text id="name">Interpolate</text><text id="bundleName">Interpolate.behavior</text><boolean id="runToCompletion">true</boolean><text id="targetAttribute">self.attributes.position.x</text><real id="finalValue"><expression><string xml:space="preserve">281</string></expression></real><real id="duration"><expression><string xml:space="preserve">0.17</string></expression></real><index id="easing">3</index></attributes></behavior><behavior id="id660693" class="InterpolateBehavior" enabled="true"><attributes><text id="name">Interpolate</text><text id="bundleName">Interpolate.behavior</text><boolean id="runToCompletion">true</boolean><text id="targetAttribute">self.attributes.rotation</text><real id="finalValue"><expression><string xml:space="preserve">70</string></expression></real><real id="duration"><expression><string xml:space="preserve">0.09</string></expression></real><index id="easing">0</index></attributes></behavior><behavior id="id323068" class="TimerBehavior" enabled="true"><attributes><text id="name">Timer</text><text id="bundleName">Timer.behavior</text><index id="timerType">1</index><real id="interval"><expression><string xml:space="preserve">0.13</string></expression></real><boolean id="runToCompletion">true</boolean></attributes><behaviors><behavior id="id343799" class="ChangeAttributeAction" enabled="true"><attributes><text id="name">Change Attribute</text><text id="bundleName">ChangeAttribute.behavior</text><text id="targetAttribute">self.attributes.rotation</text><text id="RHS"><expression><string xml:space="preserve">0</string></expression></text></attributes></behavior></behaviors></behavior><behavior id="id784729" class="ChangeAttributeAction" enabled="true"><attributes><text id="name">Change Attribute</text><text id="bundleName">ChangeAttribute.behavior</text><text id="targetAttribute">game.attributes.id563926</text><text id="RHS"><expression><string xml:space="preserve">2</string></expression></text></attributes></behavior><behavior id="id662226" class="ChangeAttributeAction" enabled="true"><attributes><text id="name">Change Attribute</text><text id="bundleName">ChangeAttribute.behavior</text><text id="targetAttribute">game.attributes.id189065</text><text id="RHS">false</text></attributes></behavior></behaviors><elseBehaviors/></behavior><behavior enabled="true" id="id263953" class="RuleBehavior"><attributes><text id="name">Rule</text><text id="bundleName">Rule.behavior</text><real id="compoundConditionKind">0</real></attributes><conditions><condition id="id965528" pluginPredicateTypeIndex="0" eventType="mouse position"><attributes><index id="conditionType">1</index><text id="subjectAttribute">game.attributes.id189065</text></attributes><predicate type="boolean"><attributes><index id="RHS">1</index></attributes></predicate></condition><condition id="id134779" pluginPredicateTypeIndex="0" eventType="mouse position"><attributes><index id="conditionType">1</index><text id="subjectAttribute">self.attributes.position.x</text></attributes><predicate type="number"><attributes><text id="operator">=</text><real id="RHS">281</real></attributes></predicate></condition></conditions><behaviors><behavior id="id435060" class="ChangeAttributeAction" enabled="false"><attributes><text id="name">Change Attribute</text><text id="bundleName">ChangeAttribute.behavior</text><text id="targetAttribute">self.attributes.position.x</text><text id="RHS">400</text></attributes></behavior><behavior id="id334509" class="InterpolateBehavior" enabled="true"><attributes><text id="name">Interpolate</text><text id="bundleName">Interpolate.behavior</text><boolean id="runToCompletion">true</boolean><text id="targetAttribute">self.attributes.position.x</text><real id="finalValue"><expression><string xml:space="preserve">400</string></expression></real><real id="duration"><expression><string xml:space="preserve">0.17</string></expression></real><index id="easing">3</index></attributes></behavior><behavior id="id466105" class="InterpolateBehavior" enabled="true"><attributes><text id="name">Interpolate</text><text id="bundleName">Interpolate.behavior</text><boolean id="runToCompletion">true</boolean><text id="targetAttribute">self.attributes.rotation</text><real id="finalValue"><expression><string xml:space="preserve">70</string></expression></real><real id="duration"><expression><string xml:space="preserve">0.09</string></expression></real><index id="easing">0</index></attributes></behavior><behavior id="id389950" class="TimerBehavior" enabled="true"><attributes><text id="name">Timer</text><text id="bundleName">Timer.behavior</text><index id="timerType">1</index><real id="interval"><expression><string xml:space="preserve">0.13</string></expression></real><boolean id="runToCompletion">true</boolean></attributes><behaviors><behavior id="id489458" class="ChangeAttributeAction" enabled="true"><attributes><text id="name">Change Attribute</text><text id="bundleName">ChangeAttribute.behavior</text><text id="targetAttribute">self.attributes.rotation</text><text id="RHS"><expression><string xml:space="preserve">0</string></expression></text></attributes></behavior></behaviors></behavior><behavior id="id713085" class="ChangeAttributeAction" enabled="true"><attributes><text id="name">Change Attribute</text><text id="bundleName">ChangeAttribute.behavior</text><text id="targetAttribute">game.attributes.id563926</text><text id="RHS"><expression><string xml:space="preserve">3</string></expression></text></attributes></behavior><behavior id="id247653" class="ChangeAttributeAction" enabled="true"><attributes><text id="name">Change Attribute</text><text id="bundleName">ChangeAttribute.behavior</text><text id="targetAttribute">game.attributes.id189065</text><text id="RHS">false</text></attributes></behavior></behaviors><elseBehaviors/></behavior></behaviors><aspects><graphics><attributes><boolean id="visible">true</boolean><enumeration id="blendingMode">0</enumeration><enumeration id="horizontalWrap">0</enumeration><enumeration id="verticalWrap">0</enumeration><enumeration id="horizontalAnchor">0</enumeration><enumeration id="verticalAnchor">0</enumeration><boolean id="flipHorizontally">false</boolean><boolean id="flipVertically">false</boolean><integer id="tileWidth">0</integer><integer id="tileHeight">0</integer></attributes></graphics><motion><attributes><point id="linearVelocity"><real id="x">0</real><real id="y">0</real></point><real id="angularVelocity">0</real><real id="maxSpeed">0</real><boolean id="applyMaxSpeed">false</boolean></attributes></motion><physics><attributes><real id="density">0</real><real id="friction">0</real><real id="restitution">0</real><boolean id="fixedRotation">false</boolean><boolean id="movable">true</boolean><enumeration id="collisionShape">0</enumeration><real id="drag">0</real><real id="angularDrag">0</real></attributes></physics></aspects></actor>
