<?xml version="1.0" encoding="UTF-8"?>
<actor PGFVersion="0.21" id="id596685" GSCVersion="0.12.10"><attributes><text id="name">roadFrame0001</text><real id="time">0</real><point id="position"><real id="x">0</real><real id="y">0</real></point><size id="size"><real id="width">384</real><real id="height">210</real></size><angle id="rotation">0</angle><color id="color"><real id="red">1</real><real id="green">1</real><real id="blue">1</real><real id="alpha">1</real></color><image id="image">roadFrame0001</image><text id="tags"></text><boolean id="preloadArt">false</boolean><real name="mod1" id="id369943">0.02</real><integer name="frame" id="id958955">0</integer></attributes><behaviors><behavior enabled="false" id="id612415" class="RuleBehavior"><attributes><text id="name">Rule</text><text id="bundleName">Rule.behavior</text><real id="compoundConditionKind">0</real></attributes><conditions><condition id="id703324" pluginPredicateTypeIndex="0" eventType="mouse position"><attributes><index id="conditionType">1</index><text id="subjectAttribute">game.attributes.id686785</text></attributes><predicate type="number"><attributes><text id="operator">&gt;</text><real id="RHS">0</real></attributes></predicate></condition></conditions><behaviors><behavior id="id119547" class="AnimateBehavior" enabled="true"><attributes><text id="name">Animate</text><text id="bundleName">Animate.behavior</text><text id="images">roadFrame0001	roadFrame0002	roadFrame0003	roadFrame0004	roadFrame0005	roadFrame0006	roadFrame0007	roadFrame0008	roadFrame0009	roadFrame0010	roadFrame0011	roadFrame0012	roadFrame0013	roadFrame0014	roadFrame0015	roadFrame0016	roadFrame0017	roadFrame0018	roadFrame0019	roadFrame0020	roadFrame0021	roadFrame0022	roadFrame0023	roadFrame0024	roadFrame0025	roadFrame0026	roadFrame0027	roadFrame0028	roadFrame0029	roadFrame0030</text><index id="speed">30</index><boolean id="loop">true</boolean><boolean id="restoreActorImage">false</boolean></attributes></behavior></behaviors><elseBehaviors/></behavior><behavior enabled="true" id="id710654" class="RuleBehavior"><attributes><text id="name">Rule</text><text id="bundleName">Rule.behavior</text><real id="compoundConditionKind">0</real></attributes><conditions><condition id="id746174" pluginPredicateTypeIndex="0" eventType="mouse position"><attributes><index id="conditionType">1</index><text id="subjectAttribute">game.attributes.id686785</text></attributes><predicate type="number"><attributes><text id="operator">&gt;</text><real id="RHS">0</real></attributes></predicate></condition></conditions><behaviors><behavior enabled="true" id="id925814" class="RuleBehavior"><attributes><text id="name">Rule</text><text id="bundleName">Rule.behavior</text><real id="compoundConditionKind">0</real></attributes><conditions><condition id="id227723" pluginPredicateTypeIndex="0" eventType="mouse position"><attributes><index id="conditionType">1</index><text id="subjectAttribute">self.attributes.id369943</text></attributes><predicate type="number"><attributes><text id="operator">&gt;</text><real id="RHS"><expression><reference keypath="self.attributes.time"/><string xml:space="preserve">%0.04</string></expression></real></attributes></predicate></condition></conditions><behaviors><behavior enabled="true" id="id390655" class="RuleBehavior"><attributes><text id="name">Rule</text><text id="bundleName">Rule.behavior</text><real id="compoundConditionKind">0</real></attributes><conditions><condition id="id850766" pluginPredicateTypeIndex="0" eventType="mouse position"><attributes><index id="conditionType">1</index><text id="subjectAttribute">self.attributes.id958955</text></attributes><predicate type="number"><attributes><text id="operator">!=</text><real id="RHS"><expression><string xml:space="preserve">30</string></expression></real></attributes></predicate></condition></conditions><behaviors><behavior id="id277291" class="ChangeAttributeAction" enabled="true"><attributes><text id="name">Change Attribute</text><text id="bundleName">ChangeAttribute.behavior</text><text id="targetAttribute">self.attributes.id958955</text><text id="RHS"><expression><reference keypath="self.attributes.id958955"/><string xml:space="preserve">+1</string></expression></text></attributes></behavior></behaviors><elseBehaviors><behavior id="id929666" class="ChangeAttributeAction" enabled="true"><attributes><text id="name">Change Attribute</text><text id="bundleName">ChangeAttribute.behavior</text><text id="targetAttribute">self.attributes.id958955</text><text id="RHS"><expression><string xml:space="preserve">1</string></expression></text></attributes></behavior></elseBehaviors></behavior><behavior id="id381962" class="ChangeAttributeAction" enabled="true"><attributes><text id="name">Change Attribute</text><text id="bundleName">ChangeAttribute.behavior</text><text id="targetAttribute">self.attributes.image</text><text id="RHS"><expression><string xml:space="preserve">&quot;roadFrame&quot;..</string><reference keypath="self.attributes.id958955"/></expression></text></attributes></behavior></behaviors><elseBehaviors/></behavior></behaviors><elseBehaviors/></behavior></behaviors><aspects><graphics><attributes><boolean id="visible">true</boolean><enumeration id="blendingMode">0</enumeration><enumeration id="horizontalWrap">0</enumeration><enumeration id="verticalWrap">0</enumeration><enumeration id="horizontalAnchor">0</enumeration><enumeration id="verticalAnchor">0</enumeration><boolean id="flipHorizontally">false</boolean><boolean id="flipVertically">false</boolean><integer id="tileWidth">384</integer><integer id="tileHeight">210</integer></attributes></graphics><motion><attributes><point id="linearVelocity"><real id="x">0</real><real id="y">0</real></point><real id="angularVelocity">0</real><real id="maxSpeed">0</real><boolean id="applyMaxSpeed">false</boolean></attributes></motion><physics><attributes><real id="density">1</real><real id="friction">3</real><real id="restitution">1</real><boolean id="fixedRotation">false</boolean><boolean id="movable">true</boolean><enumeration id="collisionShape">0</enumeration><real id="drag">0</real><real id="angularDrag">0</real></attributes></physics></aspects></actor>
