<?xml version="1.0" encoding="UTF-8"?>
<actor PGFVersion="0.21" id="id839566" GSCVersion="0.12.10"><attributes><text id="name">ctrlr</text><real id="time">0</real><point id="position"><real id="x">0</real><real id="y">0</real></point><size id="size"><real id="width">16</real><real id="height">16</real></size><angle id="rotation">0</angle><color id="color"><real id="red">1</real><real id="green">0</real><real id="blue">1</real><real id="alpha">1</real></color><image id="image"></image><text id="tags"></text><boolean id="preloadArt">true</boolean><real name="mod1" id="id258384">0.05</real><integer name="lastCheckpoint" id="id193289">0</integer></attributes><behaviors><behavior id="id218810" class="ChangeAttributeAction" enabled="true"><attributes><text id="name">Change Attribute</text><text id="bundleName">ChangeAttribute.behavior</text><text id="targetAttribute">game.attributes.id333419</text><text id="RHS"><expression><string xml:space="preserve">90</string></expression></text></attributes></behavior><behavior enabled="true" id="id561178" class="RuleBehavior"><attributes><text id="name">Rule</text><text id="bundleName">Rule.behavior</text><real id="compoundConditionKind">0</real></attributes><conditions><condition id="id265429" pluginPredicateTypeIndex="0" eventType="mouse position"><attributes><index id="conditionType">1</index><text id="subjectAttribute">self.attributes.id258384</text></attributes><predicate type="number"><attributes><text id="operator">&gt;</text><real id="RHS"><expression><reference keypath="self.attributes.time"/><string xml:space="preserve">%1</string></expression></real></attributes></predicate></condition><condition id="id479392" pluginPredicateTypeIndex="0" eventType="mouse position"><attributes><index id="conditionType">1</index><text id="subjectAttribute">self.attributes.time</text></attributes><predicate type="number"><attributes><text id="operator">&gt;</text><real id="RHS"><expression><string xml:space="preserve">1.5</string></expression></real></attributes></predicate></condition></conditions><behaviors><behavior id="id681256" class="ChangeAttributeAction" enabled="true"><attributes><text id="name">Change Attribute</text><text id="bundleName">ChangeAttribute.behavior</text><text id="targetAttribute">game.attributes.id333419</text><text id="RHS"><expression><reference keypath="game.attributes.id333419"/><string xml:space="preserve">-1</string></expression></text></attributes></behavior></behaviors><elseBehaviors/></behavior><behavior enabled="true" id="id510960" class="RuleBehavior"><attributes><text id="name">Rule</text><text id="bundleName">Rule.behavior</text><real id="compoundConditionKind">0</real></attributes><conditions><condition id="id187126" pluginPredicateTypeIndex="0" eventType="mouse position"><attributes><index id="conditionType">1</index><text id="subjectAttribute">game.attributes.id333419</text></attributes><predicate type="number"><attributes><text id="operator">=</text><real id="RHS">0</real></attributes></predicate></condition></conditions><behaviors><behavior id="id893715" class="ChangeAttributeAction" enabled="true"><attributes><text id="name">Change Attribute</text><text id="bundleName">ChangeAttribute.behavior</text><text id="targetAttribute">game.attributes.id454802</text><text id="RHS"><expression><string xml:space="preserve">true</string></expression></text></attributes></behavior><behavior id="id866462" class="ChangeAttributeAction" enabled="true"><attributes><text id="name">Change Attribute</text><text id="bundleName">ChangeAttribute.behavior</text><text id="targetAttribute">game.attributes.id497479</text><text id="RHS"><expression><string xml:space="preserve">false</string></expression></text></attributes></behavior><behavior id="id833488" class="ChangeAttributeAction" enabled="true"><attributes><text id="name">Change Attribute</text><text id="bundleName">ChangeAttribute.behavior</text><text id="targetAttribute">game.attributes.id686785</text><text id="RHS"><expression><string xml:space="preserve">0</string></expression></text></attributes></behavior><behavior id="id424873" class="ChangeAttributeAction" enabled="true"><attributes><text id="name">Change Attribute</text><text id="bundleName">ChangeAttribute.behavior</text><text id="targetAttribute">game.attributes.id200899</text><text id="RHS"><expression><string xml:space="preserve">0</string></expression></text></attributes></behavior><behavior id="id649600" class="SpawnAction" enabled="true"><attributes><text id="name">Spawn Actor</text><text id="bundleName">Spawn.behavior</text><text id="prototypeKey">id688287</text><angle id="direction">0</angle><index id="directionSpace">1</index><real id="x"><expression><reference keypath="game.attributes.displaySize.width"/><string xml:space="preserve">/2</string></expression></real><real id="y"><expression><reference keypath="game.attributes.displaySize.height"/><string xml:space="preserve">/2</string></expression></real><index id="positionSpace">1</index><index id="layerOrder">0</index></attributes></behavior></behaviors><elseBehaviors/></behavior><behavior enabled="true" id="id582529" class="RuleBehavior"><attributes><text id="name">Rule - Distance formula</text><text id="bundleName">Rule.behavior</text><real id="compoundConditionKind">0</real></attributes><conditions><condition id="id530414" pluginPredicateTypeIndex="0" eventType="mouse position"><attributes><index id="conditionType">1</index><text id="subjectAttribute">self.attributes.id258384</text></attributes><predicate type="number"><attributes><text id="operator">&gt;</text><real id="RHS"><expression><reference keypath="self.attributes.time"/><string xml:space="preserve">%0.1</string></expression></real></attributes></predicate></condition></conditions><behaviors><behavior id="id868070" class="ChangeAttributeAction" enabled="true"><attributes><text id="name">Change Attribute</text><text id="bundleName">ChangeAttribute.behavior</text><text id="targetAttribute">game.attributes.id864168</text><text id="RHS"><expression><reference keypath="game.attributes.id864168"/><string xml:space="preserve">+(</string><reference keypath="game.attributes.id686785"/><string xml:space="preserve">/120)</string></expression></text></attributes></behavior></behaviors><elseBehaviors/></behavior><behavior id="id402642" class="CompoundBehavior" enabled="true"><attributes><text id="name">Group</text><text id="bundleName">Group.behavior</text></attributes><behaviors><behavior enabled="true" id="id551245" class="RuleBehavior"><attributes><text id="name">Rule</text><text id="bundleName">Rule.behavior</text><real id="compoundConditionKind">0</real></attributes><conditions><condition id="id305296" pluginPredicateTypeIndex="0" eventType="mouse position"><attributes><index id="conditionType">1</index><text id="subjectAttribute">game.devices.touches.count</text></attributes><predicate type="number"><attributes><text id="operator">&gt;=</text><real id="RHS"><expression><string xml:space="preserve">2</string></expression></real></attributes></predicate></condition></conditions><behaviors><behavior id="id746340" class="ChangeAttributeAction" enabled="true"><attributes><text id="name">Change Attribute</text><text id="bundleName">ChangeAttribute.behavior</text><text id="targetAttribute">game.attributes.id370420</text><text id="RHS"><expression><string xml:space="preserve">true</string></expression></text></attributes></behavior><behavior id="id866187" class="ChangeAttributeAction" enabled="true"><attributes><text id="name">Change Attribute</text><text id="bundleName">ChangeAttribute.behavior</text><text id="targetAttribute">game.attributes.id733983</text><text id="RHS">true</text></attributes></behavior><behavior id="id454150" class="TimerBehavior" enabled="true"><attributes><text id="name">Timer</text><text id="bundleName">Timer.behavior</text><index id="timerType">1</index><real id="interval"><expression><string xml:space="preserve">0.5</string></expression></real><boolean id="runToCompletion">true</boolean></attributes><behaviors><behavior id="id139653" class="ChangeAttributeAction" enabled="true"><attributes><text id="name">Change Attribute</text><text id="bundleName">ChangeAttribute.behavior</text><text id="targetAttribute">game.attributes.id733983</text><text id="RHS">false</text></attributes></behavior></behaviors></behavior></behaviors><elseBehaviors/></behavior><behavior enabled="true" id="id944813" class="RuleBehavior"><attributes><text id="name">Rule</text><text id="bundleName">Rule.behavior</text><real id="compoundConditionKind">0</real></attributes><conditions><condition id="id591654" pluginPredicateTypeIndex="0" eventType="key"><attributes><index id="conditionType">0</index></attributes><predicate type="key"><attributes><text id="mode">down</text><text id="keyString">space</text></attributes></predicate></condition><condition id="id823499" pluginPredicateTypeIndex="0" eventType="mouse position"><attributes><index id="conditionType">1</index><text id="subjectAttribute">game.attributes.id415223</text></attributes><predicate type="boolean"><attributes><index id="RHS">1</index></attributes></predicate></condition></conditions><behaviors><behavior id="id863230" class="ChangeAttributeAction" enabled="true"><attributes><text id="name">Change Attribute</text><text id="bundleName">ChangeAttribute.behavior</text><text id="targetAttribute">game.attributes.id733983</text><text id="RHS">true</text></attributes></behavior><behavior id="id499354" class="TimerBehavior" enabled="true"><attributes><text id="name">Timer</text><text id="bundleName">Timer.behavior</text><index id="timerType">1</index><real id="interval"><expression><string xml:space="preserve">0.5</string></expression></real><boolean id="runToCompletion">true</boolean></attributes><behaviors><behavior id="id139653" class="ChangeAttributeAction" enabled="true"><attributes><text id="name">Change Attribute</text><text id="bundleName">ChangeAttribute.behavior</text><text id="targetAttribute">game.attributes.id733983</text><text id="RHS">false</text></attributes></behavior></behaviors></behavior></behaviors><elseBehaviors/></behavior><behavior enabled="true" id="id763471" class="RuleBehavior"><attributes><text id="name">Rule</text><text id="bundleName">Rule.behavior</text><real id="compoundConditionKind">0</real></attributes><conditions><condition id="id628591" pluginPredicateTypeIndex="0" eventType="mouse position"><attributes><index id="conditionType">1</index><text id="subjectAttribute">game.attributes.id370420</text></attributes><predicate type="boolean"><attributes><index id="RHS">1</index></attributes></predicate></condition></conditions><behaviors><behavior id="id263408" class="NoteBehavior" enabled="true"><attributes><text id="name">Note</text><text id="bundleName">Note.behavior</text><text id="note">**TIP**
The timer below is a threshold for the touch input system. Increase this value if you find that too many &quot;double taps&quot; are instead being detected as lane changes. However, the higher this value is, the higher chances for an actual lane change after a jump to be missed!</text></attributes></behavior><behavior id="id329020" class="TimerBehavior" enabled="true"><attributes><text id="name">Timer</text><text id="bundleName">Timer.behavior</text><index id="timerType">1</index><real id="interval"><expression><string xml:space="preserve">0.15</string></expression></real><boolean id="runToCompletion">false</boolean></attributes><behaviors><behavior id="id736296" class="ChangeAttributeAction" enabled="true"><attributes><text id="name">Change Attribute</text><text id="bundleName">ChangeAttribute.behavior</text><text id="targetAttribute">game.attributes.id370420</text><text id="RHS"><expression><string xml:space="preserve">false</string></expression></text></attributes></behavior></behaviors></behavior></behaviors><elseBehaviors/></behavior></behaviors></behavior><behavior enabled="true" id="id247787" class="RuleBehavior"><attributes><text id="name">Rule - Checkpoint system. This is where player speed is advanced</text><text id="bundleName">Rule.behavior</text><real id="compoundConditionKind">0</real></attributes><conditions><condition id="id962581" pluginPredicateTypeIndex="0" eventType="mouse position"><attributes><index id="conditionType">1</index><text id="subjectAttribute">game.attributes.id864168</text></attributes><predicate type="number"><attributes><text id="operator">&gt;</text><real id="RHS"><expression><reference keypath="self.attributes.id193289"/><string xml:space="preserve">+250</string></expression></real></attributes></predicate></condition></conditions><behaviors><behavior id="id564013" class="SpawnAction" enabled="true"><attributes><text id="name">Spawn Actor</text><text id="bundleName">Spawn.behavior</text><text id="prototypeKey">id818794</text><angle id="direction">0</angle><index id="directionSpace">1</index><real id="x"><expression><reference keypath="game.attributes.displaySize.width"/><string xml:space="preserve">/2</string></expression></real><real id="y"><expression><reference keypath="game.attributes.displaySize.height"/><string xml:space="preserve">/2</string></expression></real><index id="positionSpace">1</index><index id="layerOrder">0</index></attributes></behavior><behavior id="id133245" class="ChangeAttributeAction" enabled="true"><attributes><text id="name">Change Attribute</text><text id="bundleName">ChangeAttribute.behavior</text><text id="targetAttribute">game.attributes.id333419</text><text id="RHS"><expression><reference keypath="game.attributes.id333419"/><string xml:space="preserve">+25</string></expression></text></attributes></behavior><behavior id="id426024" class="ChangeAttributeAction" enabled="true"><attributes><text id="name">Change Attribute</text><text id="bundleName">ChangeAttribute.behavior</text><text id="targetAttribute">game.attributes.id200899</text><text id="RHS"><expression><reference keypath="game.attributes.id200899"/><string xml:space="preserve">+20</string></expression></text></attributes></behavior><behavior id="id895471" class="ChangeAttributeAction" enabled="true"><attributes><text id="name">Change Attribute</text><text id="bundleName">ChangeAttribute.behavior</text><text id="targetAttribute">game.attributes.id497479</text><text id="RHS"><expression><string xml:space="preserve">true</string></expression></text></attributes></behavior><behavior id="id108913" class="ChangeAttributeAction" enabled="true"><attributes><text id="name">Change Attribute</text><text id="bundleName">ChangeAttribute.behavior</text><text id="targetAttribute">self.attributes.id193289</text><text id="RHS"><expression><reference keypath="self.attributes.id193289"/><string xml:space="preserve">+500</string></expression></text></attributes></behavior></behaviors><elseBehaviors/></behavior><behavior enabled="true" id="id334911" class="RuleBehavior"><attributes><text id="name">Rule - Auto-accelerate.</text><text id="bundleName">Rule.behavior</text><real id="compoundConditionKind">0</real></attributes><conditions><condition id="id550753" pluginPredicateTypeIndex="0" eventType="mouse position"><attributes><index id="conditionType">1</index><text id="subjectAttribute">game.attributes.id497479</text></attributes><predicate type="boolean"><attributes><index id="RHS">0</index></attributes></predicate></condition><condition id="id509065" pluginPredicateTypeIndex="0" eventType="mouse position"><attributes><index id="conditionType">1</index><text id="subjectAttribute">game.attributes.id686785</text></attributes><predicate type="number"><attributes><text id="operator">!=</text><real id="RHS"><expression><reference keypath="game.attributes.id200899"/></expression></real></attributes></predicate></condition></conditions><behaviors><behavior id="id463364" class="TimerBehavior" enabled="true"><attributes><text id="name">Timer</text><text id="bundleName">Timer.behavior</text><index id="timerType">1</index><real id="interval"><expression><string xml:space="preserve">0.55</string></expression></real><boolean id="runToCompletion">false</boolean></attributes><behaviors><behavior id="id985843" class="ChangeAttributeAction" enabled="true"><attributes><text id="name">Change Attribute</text><text id="bundleName">ChangeAttribute.behavior</text><text id="targetAttribute">game.attributes.id497479</text><text id="RHS"><expression><string xml:space="preserve">true</string></expression></text></attributes></behavior></behaviors></behavior></behaviors><elseBehaviors/></behavior><behavior enabled="true" id="id157336" class="RuleBehavior"><attributes><text id="name">Rule - Interpolate speed; looks great!</text><text id="bundleName">Rule.behavior</text><real id="compoundConditionKind">0</real></attributes><conditions><condition id="id482197" pluginPredicateTypeIndex="0" eventType="mouse position"><attributes><index id="conditionType">1</index><text id="subjectAttribute">game.attributes.id497479</text></attributes><predicate type="boolean"><attributes><index id="RHS">1</index></attributes></predicate></condition></conditions><behaviors><behavior enabled="true" id="id738216" class="RuleBehavior"><attributes><text id="name">Rule</text><text id="bundleName">Rule.behavior</text><real id="compoundConditionKind">0</real></attributes><conditions><condition id="id204374" pluginPredicateTypeIndex="0" eventType="mouse position"><attributes><index id="conditionType">1</index><text id="subjectAttribute">game.attributes.id686785</text></attributes><predicate type="number"><attributes><text id="operator">!=</text><real id="RHS"><expression><reference keypath="game.attributes.id200899"/></expression></real></attributes></predicate></condition></conditions><behaviors><behavior id="id668553" class="InterpolateBehavior" enabled="true"><attributes><text id="name">Interpolate</text><text id="bundleName">Interpolate.behavior</text><boolean id="runToCompletion">true</boolean><text id="targetAttribute">game.attributes.id686785</text><real id="finalValue"><expression><reference keypath="game.attributes.id200899"/></expression></real><real id="duration">1</real><index id="easing">0</index></attributes></behavior></behaviors><elseBehaviors/></behavior></behaviors><elseBehaviors/></behavior><behavior enabled="true" id="id936718" class="RuleBehavior"><attributes><text id="name">Rule</text><text id="bundleName">Rule.behavior</text><real id="compoundConditionKind">0</real></attributes><conditions><condition id="id372350" pluginPredicateTypeIndex="0" eventType="mouse position"><attributes><index id="conditionType">1</index><text id="subjectAttribute">game.attributes.id686785</text></attributes><predicate type="number"><attributes><text id="operator">=</text><real id="RHS"><expression><reference keypath="game.attributes.id200899"/></expression></real></attributes></predicate></condition></conditions><behaviors><behavior id="id850016" class="ChangeAttributeAction" enabled="true"><attributes><text id="name">Change Attribute</text><text id="bundleName">ChangeAttribute.behavior</text><text id="targetAttribute">game.attributes.id497479</text><text id="RHS"><expression><string xml:space="preserve">false</string></expression></text></attributes></behavior></behaviors><elseBehaviors/></behavior></behaviors><aspects><graphics><attributes><boolean id="visible">true</boolean><enumeration id="blendingMode">0</enumeration><enumeration id="horizontalWrap">0</enumeration><enumeration id="verticalWrap">0</enumeration><enumeration id="horizontalAnchor">0</enumeration><enumeration id="verticalAnchor">0</enumeration><boolean id="flipHorizontally">false</boolean><boolean id="flipVertically">false</boolean><integer id="tileWidth">16</integer><integer id="tileHeight">16</integer></attributes></graphics><motion><attributes><point id="linearVelocity"><real id="x">0</real><real id="y">0</real></point><real id="angularVelocity">0</real><real id="maxSpeed">0</real><boolean id="applyMaxSpeed">false</boolean></attributes></motion><physics><attributes><real id="density">1</real><real id="friction">3</real><real id="restitution">1</real><boolean id="fixedRotation">false</boolean><boolean id="movable">true</boolean><enumeration id="collisionShape">0</enumeration><real id="drag">0</real><real id="angularDrag">0</real></attributes></physics></aspects></actor>
