<?xml version="1.0" encoding="UTF-8"?>
<actor PGFVersion="0.21" id="id394643" GSCVersion="0.12.10"><attributes><text id="name">gasPedal</text><real id="time">0</real><point id="position"><real id="x">0</real><real id="y">0</real></point><size id="size"><real id="width">27</real><real id="height">58</real></size><angle id="rotation">0</angle><color id="color"><real id="red">1</real><real id="green">1</real><real id="blue">1</real><real id="alpha">1</real></color><image id="image">gaspedal</image><text id="tags"></text><boolean id="preloadArt">true</boolean></attributes><behaviors><behavior id="id716109" class="NoteBehavior" enabled="true"><attributes><text id="name">Note</text><text id="bundleName">Note.behavior</text><text id="note">---GAS PEDAL---
This actor is not used in the demo game. If you want the player to be able to begin acceleration at the beginning of the round or when they hit another car by themselves, place this actor on the scene and remove the section from the ctrlr actor titled &quot;auto-accelerate&quot;</text></attributes></behavior><behavior enabled="true" id="id213253" class="RuleBehavior"><attributes><text id="name">Rule - Speed Up</text><text id="bundleName">Rule.behavior</text><real id="compoundConditionKind">0</real></attributes><conditions><condition id="id591654" pluginPredicateTypeIndex="0" eventType="key"><attributes><index id="conditionType">0</index></attributes><predicate type="key"><attributes><text id="mode">down</text><text id="keyString">up</text></attributes></predicate></condition><condition id="id896425" pluginPredicateTypeIndex="0" eventType="mouse position"><attributes><index id="conditionType">1</index><text id="subjectAttribute">game.attributes.id686785</text></attributes><predicate type="number"><attributes><text id="operator">&lt;=</text><real id="RHS">300</real></attributes></predicate></condition></conditions><behaviors><behavior id="id544776" class="ChangeAttributeAction" enabled="true"><attributes><text id="name">Change Attribute</text><text id="bundleName">ChangeAttribute.behavior</text><text id="targetAttribute">game.attributes.id497479</text><text id="RHS"><expression><string xml:space="preserve">true</string></expression></text></attributes></behavior></behaviors><elseBehaviors><behavior enabled="true" id="id434964" class="RuleBehavior"><attributes><text id="name">Rule - Slow Down</text><text id="bundleName">Rule.behavior</text><real id="compoundConditionKind">0</real></attributes><conditions><condition id="id591654" pluginPredicateTypeIndex="0" eventType="key"><attributes><index id="conditionType">0</index></attributes><predicate type="key"><attributes><text id="mode">down</text><text id="keyString">down</text></attributes></predicate></condition><condition id="id280105" pluginPredicateTypeIndex="0" eventType="mouse position"><attributes><index id="conditionType">1</index><text id="subjectAttribute">game.attributes.id686785</text></attributes><predicate type="number"><attributes><text id="operator">&gt;</text><real id="RHS">30</real></attributes></predicate></condition></conditions><behaviors><behavior id="id954221" class="ChangeAttributeAction" enabled="true"><attributes><text id="name">Change Attribute</text><text id="bundleName">ChangeAttribute.behavior</text><text id="targetAttribute">game.attributes.id686785</text><text id="RHS"><expression><reference keypath="game.attributes.id686785"/><string xml:space="preserve">-30</string></expression></text></attributes></behavior><behavior id="id466015" class="TimerBehavior" enabled="true"><attributes><text id="name">Timer</text><text id="bundleName">Timer.behavior</text><index id="timerType">0</index><real id="interval">0.3</real><boolean id="runToCompletion">false</boolean></attributes><behaviors><behavior id="id624268" class="ChangeAttributeAction" enabled="true"><attributes><text id="name">Change Attribute</text><text id="bundleName">ChangeAttribute.behavior</text><text id="targetAttribute">game.attributes.id686785</text><text id="RHS"><expression><reference keypath="game.attributes.id686785"/><string xml:space="preserve">-30</string></expression></text></attributes></behavior></behaviors></behavior></behaviors><elseBehaviors/></behavior></elseBehaviors></behavior><behavior enabled="true" id="id340722" class="RuleBehavior"><attributes><text id="name">Rule - Speed Up</text><text id="bundleName">Rule.behavior</text><real id="compoundConditionKind">0</real></attributes><conditions><condition id="id591654" pluginPredicateTypeIndex="0" eventType="touch"><attributes><index id="conditionType">0</index></attributes><predicate type="touch" conditionType="pressed"><attributes/></predicate></condition><condition id="id896425" pluginPredicateTypeIndex="0" eventType="mouse position"><attributes><index id="conditionType">1</index><text id="subjectAttribute">game.attributes.id686785</text></attributes><predicate type="number"><attributes><text id="operator">&lt;=</text><real id="RHS">300</real></attributes></predicate></condition></conditions><behaviors><behavior id="id658213" class="ChangeAttributeAction" enabled="true"><attributes><text id="name">Change Attribute</text><text id="bundleName">ChangeAttribute.behavior</text><text id="targetAttribute">game.attributes.id370420</text><text id="RHS"><expression><string xml:space="preserve">true</string></expression></text></attributes></behavior><behavior id="id703737" class="ChangeAttributeAction" enabled="true"><attributes><text id="name">Change Attribute</text><text id="bundleName">ChangeAttribute.behavior</text><text id="targetAttribute">game.attributes.id497479</text><text id="RHS"><expression><string xml:space="preserve">true</string></expression></text></attributes></behavior></behaviors><elseBehaviors><behavior enabled="true" id="id434964" class="RuleBehavior"><attributes><text id="name">Rule - Slow Down</text><text id="bundleName">Rule.behavior</text><real id="compoundConditionKind">0</real></attributes><conditions><condition id="id591654" pluginPredicateTypeIndex="0" eventType="key"><attributes><index id="conditionType">0</index></attributes><predicate type="key"><attributes><text id="mode">down</text><text id="keyString">down</text></attributes></predicate></condition><condition id="id280105" pluginPredicateTypeIndex="0" eventType="mouse position"><attributes><index id="conditionType">1</index><text id="subjectAttribute">game.attributes.id686785</text></attributes><predicate type="number"><attributes><text id="operator">&gt;</text><real id="RHS">30</real></attributes></predicate></condition></conditions><behaviors><behavior id="id954221" class="ChangeAttributeAction" enabled="true"><attributes><text id="name">Change Attribute</text><text id="bundleName">ChangeAttribute.behavior</text><text id="targetAttribute">game.attributes.id686785</text><text id="RHS"><expression><reference keypath="game.attributes.id686785"/><string xml:space="preserve">-30</string></expression></text></attributes></behavior><behavior id="id466015" class="TimerBehavior" enabled="true"><attributes><text id="name">Timer</text><text id="bundleName">Timer.behavior</text><index id="timerType">0</index><real id="interval">0.3</real><boolean id="runToCompletion">false</boolean></attributes><behaviors><behavior id="id624268" class="ChangeAttributeAction" enabled="true"><attributes><text id="name">Change Attribute</text><text id="bundleName">ChangeAttribute.behavior</text><text id="targetAttribute">game.attributes.id686785</text><text id="RHS"><expression><reference keypath="game.attributes.id686785"/><string xml:space="preserve">-30</string></expression></text></attributes></behavior></behaviors></behavior></behaviors><elseBehaviors/></behavior></elseBehaviors></behavior></behaviors><aspects><graphics><attributes><boolean id="visible">true</boolean><enumeration id="blendingMode">0</enumeration><enumeration id="horizontalWrap">0</enumeration><enumeration id="verticalWrap">0</enumeration><enumeration id="horizontalAnchor">0</enumeration><enumeration id="verticalAnchor">0</enumeration><boolean id="flipHorizontally">false</boolean><boolean id="flipVertically">false</boolean><integer id="tileWidth">27</integer><integer id="tileHeight">58</integer></attributes></graphics><motion><attributes><point id="linearVelocity"><real id="x">0</real><real id="y">0</real></point><real id="angularVelocity">0</real><real id="maxSpeed">0</real><boolean id="applyMaxSpeed">false</boolean></attributes></motion><physics><attributes><real id="density">1</real><real id="friction">3</real><real id="restitution">1</real><boolean id="fixedRotation">false</boolean><boolean id="movable">true</boolean><enumeration id="collisionShape">0</enumeration><real id="drag">0</real><real id="angularDrag">0</real></attributes></physics></aspects></actor>
