<?xml version="1.0" encoding="UTF-8"?>
<actor PGFVersion="0.21" id="id818794" GSCVersion="0.12.10"><attributes><text id="name">uiCheckpointReached</text><real id="time">0</real><point id="position"><real id="x">0</real><real id="y">0</real></point><size id="size"><real id="width">2</real><real id="height">2</real></size><angle id="rotation">0</angle><color id="color"><real id="red">1</real><real id="green">1</real><real id="blue">1</real><real id="alpha">1</real></color><image id="image">checkpointReached</image><text id="tags"></text><boolean id="preloadArt">true</boolean></attributes><behaviors><behavior enabled="true" id="id868442" class="RuleBehavior"><attributes><text id="name">Rule</text><text id="bundleName">Rule.behavior</text><real id="compoundConditionKind">0</real></attributes><conditions><condition id="id808402" pluginPredicateTypeIndex="0" eventType="mouse position"><attributes><index id="conditionType">1</index><text id="subjectAttribute">self.attributes.time</text></attributes><predicate type="number"><attributes><text id="operator">&gt;</text><real id="RHS"><expression><string xml:space="preserve">0.05</string></expression></real></attributes></predicate></condition></conditions><behaviors><behavior id="id288724" class="InterpolateBehavior" enabled="true"><attributes><text id="name">Interpolate</text><text id="bundleName">Interpolate.behavior</text><boolean id="runToCompletion">true</boolean><text id="targetAttribute">self.attributes.size.width</text><real id="finalValue"><expression><string xml:space="preserve">256</string></expression></real><real id="duration"><expression><string xml:space="preserve">0.5</string></expression></real><index id="easing">0</index></attributes></behavior><behavior id="id766761" class="InterpolateBehavior" enabled="true"><attributes><text id="name">Interpolate</text><text id="bundleName">Interpolate.behavior</text><boolean id="runToCompletion">true</boolean><text id="targetAttribute">self.attributes.size.height</text><real id="finalValue"><expression><string xml:space="preserve">128</string></expression></real><real id="duration"><expression><string xml:space="preserve">0.5</string></expression></real><index id="easing">0</index></attributes></behavior></behaviors><elseBehaviors/></behavior><behavior enabled="true" id="id242015" class="RuleBehavior"><attributes><text id="name">Rule</text><text id="bundleName">Rule.behavior</text><real id="compoundConditionKind">0</real></attributes><conditions><condition id="id253630" pluginPredicateTypeIndex="0" eventType="mouse position"><attributes><index id="conditionType">1</index><text id="subjectAttribute">self.attributes.time</text></attributes><predicate type="number"><attributes><text id="operator">&gt;</text><real id="RHS"><expression><string xml:space="preserve">0.75</string></expression></real></attributes></predicate></condition></conditions><behaviors><behavior id="id956374" class="InterpolateBehavior" enabled="true"><attributes><text id="name">Interpolate</text><text id="bundleName">Interpolate.behavior</text><boolean id="runToCompletion">true</boolean><text id="targetAttribute">self.attributes.size.width</text><real id="finalValue"><expression><string xml:space="preserve">1024</string></expression></real><real id="duration"><expression><string xml:space="preserve">1</string></expression></real><index id="easing">0</index></attributes></behavior><behavior id="id575963" class="InterpolateBehavior" enabled="true"><attributes><text id="name">Interpolate</text><text id="bundleName">Interpolate.behavior</text><boolean id="runToCompletion">true</boolean><text id="targetAttribute">self.attributes.size.height</text><real id="finalValue"><expression><string xml:space="preserve">512</string></expression></real><real id="duration"><expression><string xml:space="preserve">1</string></expression></real><index id="easing">0</index></attributes></behavior><behavior id="id840775" class="InterpolateBehavior" enabled="true"><attributes><text id="name">Interpolate</text><text id="bundleName">Interpolate.behavior</text><boolean id="runToCompletion">true</boolean><text id="targetAttribute">self.attributes.color.alpha</text><real id="finalValue"><expression><string xml:space="preserve">0</string></expression></real><real id="duration"><expression><string xml:space="preserve">0.9</string></expression></real><index id="easing">0</index></attributes></behavior></behaviors><elseBehaviors/></behavior><behavior enabled="true" id="id109580" class="RuleBehavior"><attributes><text id="name">Rule</text><text id="bundleName">Rule.behavior</text><real id="compoundConditionKind">0</real></attributes><conditions><condition id="id905651" pluginPredicateTypeIndex="0" eventType="mouse position"><attributes><index id="conditionType">1</index><text id="subjectAttribute">self.attributes.color.alpha</text></attributes><predicate type="number"><attributes><text id="operator">=</text><real id="RHS">0</real></attributes></predicate></condition></conditions><behaviors><behavior id="id529094" class="DestroyAction" enabled="true"><attributes><text id="name">Destroy</text><text id="bundleName">Destroy.behavior</text></attributes></behavior></behaviors><elseBehaviors/></behavior></behaviors><aspects><graphics><attributes><boolean id="visible">true</boolean><enumeration id="blendingMode">0</enumeration><enumeration id="horizontalWrap">0</enumeration><enumeration id="verticalWrap">0</enumeration><enumeration id="horizontalAnchor">0</enumeration><enumeration id="verticalAnchor">0</enumeration><boolean id="flipHorizontally">false</boolean><boolean id="flipVertically">false</boolean><integer id="tileWidth">2</integer><integer id="tileHeight">2</integer></attributes></graphics><motion><attributes><point id="linearVelocity"><real id="x">0</real><real id="y">0</real></point><real id="angularVelocity">0</real><real id="maxSpeed">0</real><boolean id="applyMaxSpeed">false</boolean></attributes></motion><physics><attributes><real id="density">1</real><real id="friction">3</real><real id="restitution">1</real><boolean id="fixedRotation">false</boolean><boolean id="movable">true</boolean><enumeration id="collisionShape">0</enumeration><real id="drag">0</real><real id="angularDrag">0</real></attributes></physics></aspects></actor>
