<?xml version="1.0" encoding="UTF-8"?>
<actor PGFVersion="0.21" id="id430408" GSCVersion="0.12.10"><attributes><text id="name">scenery</text><real id="time">0</real><point id="position"><real id="x">0</real><real id="y">0</real></point><size id="size"><real id="width">110</real><real id="height">64</real></size><angle id="rotation">0</angle><color id="color"><real id="red">1</real><real id="green">1</real><real id="blue">1</real><real id="alpha">1</real></color><image id="image">cactus</image><text id="tags"></text><boolean id="preloadArt">true</boolean><real name="OriginalX" id="id485800">0</real><real name="OriginalY" id="id165149">0</real><real name="OriginalWidth" id="id415842">0</real><integer name="angle" id="id121251">188</integer><integer name="jumpHeight" id="id122004">0</integer><boolean name="go" id="id593866">false</boolean><integer name="rand" id="id807482">0</integer><integer name="type" id="id869655">0</integer></attributes><behaviors><behavior id="id658196" class="NoteBehavior" enabled="true"><attributes><text id="name">Note</text><text id="bundleName">Note.behavior</text><text id="note">---Scenery---
Use this actor to place pseudo-3d scenery beside the road.</text></attributes></behavior><behavior id="id133652" class="ChangeAttributeAction" enabled="true"><attributes><text id="name">Change Attribute</text><text id="bundleName">ChangeAttribute.behavior</text><text id="targetAttribute">self.attributes.id807482</text><text id="RHS"><expression><string xml:space="preserve">random(0,100)</string></expression></text></attributes></behavior><behavior enabled="true" id="id901597" class="RuleBehavior"><attributes><text id="name">Rule</text><text id="bundleName">Rule.behavior</text><real id="compoundConditionKind">0</real></attributes><conditions><condition id="id207564" pluginPredicateTypeIndex="0" eventType="mouse position"><attributes><index id="conditionType">1</index><text id="subjectAttribute">self.attributes.id807482</text></attributes><predicate type="number"><attributes><text id="operator">&gt;</text><real id="RHS"><expression><string xml:space="preserve">25</string></expression></real></attributes></predicate></condition></conditions><behaviors><behavior id="id607849" class="ChangeAttributeAction" enabled="true"><attributes><text id="name">Change Attribute</text><text id="bundleName">ChangeAttribute.behavior</text><text id="targetAttribute">self.attributes.id869655</text><text id="RHS"><expression><string xml:space="preserve">1</string></expression></text></attributes></behavior></behaviors><elseBehaviors><behavior id="id198494" class="ChangeAttributeAction" enabled="true"><attributes><text id="name">Change Attribute</text><text id="bundleName">ChangeAttribute.behavior</text><text id="targetAttribute">self.attributes.id869655</text><text id="RHS"><expression><string xml:space="preserve">2</string></expression></text></attributes></behavior></elseBehaviors></behavior><behavior enabled="true" id="id227692" class="RuleBehavior"><attributes><text id="name">Rule</text><text id="bundleName">Rule.behavior</text><real id="compoundConditionKind">0</real></attributes><conditions><condition id="id123846" pluginPredicateTypeIndex="0" eventType="mouse position"><attributes><index id="conditionType">1</index><text id="subjectAttribute">self.attributes.id869655</text></attributes><predicate type="number"><attributes><text id="operator">=</text><real id="RHS"><expression><string xml:space="preserve">1</string></expression></real></attributes></predicate></condition></conditions><behaviors><behavior id="id691588" class="ChangeImageAction" enabled="true"><attributes><text id="name">Change Image</text><text id="bundleName">ChangeImage.behavior</text><image id="image">cactus</image></attributes></behavior></behaviors><elseBehaviors><behavior id="id991109" class="ChangeImageAction" enabled="true"><attributes><text id="name">Change Image</text><text id="bundleName">ChangeImage.behavior</text><image id="image">rocks</image></attributes></behavior></elseBehaviors></behavior><behavior id="id868378" class="ChangeAttributeAction" enabled="true"><attributes><text id="name">Change Attribute</text><text id="bundleName">ChangeAttribute.behavior</text><text id="targetAttribute">self.attributes.id485800</text><text id="RHS"><expression><reference keypath="self.attributes.position.x"/></expression></text></attributes></behavior><behavior id="id421552" class="ChangeAttributeAction" enabled="true"><attributes><text id="name">Change Attribute</text><text id="bundleName">ChangeAttribute.behavior</text><text id="targetAttribute">self.attributes.id165149</text><text id="RHS"><expression><reference keypath="self.attributes.position.y"/></expression></text></attributes></behavior><behavior id="id165359" class="ChangeAttributeAction" enabled="false"><attributes><text id="name">Change Attribute</text><text id="bundleName">ChangeAttribute.behavior</text><text id="targetAttribute">self.attributes.id415842</text><text id="RHS"><expression><reference keypath="self.attributes.size.width"/></expression></text></attributes></behavior><behavior enabled="true" id="id190122" class="RuleBehavior"><attributes><text id="name">Rule</text><text id="bundleName">Rule.behavior</text><real id="compoundConditionKind">0</real></attributes><conditions><condition id="id110916" pluginPredicateTypeIndex="0" eventType="mouse position"><attributes><index id="conditionType">1</index><text id="subjectAttribute">self.attributes.id593866</text></attributes><predicate type="boolean"><attributes><index id="RHS">1</index></attributes></predicate></condition></conditions><behaviors><behavior id="id202824" class="ChangeAttributeAction" enabled="true"><attributes><text id="name">Change Attribute</text><text id="bundleName">ChangeAttribute.behavior</text><text id="targetAttribute">self.attributes.color.alpha</text><text id="RHS">1</text></attributes></behavior><behavior id="id126486" class="ChangeAttributeAction" enabled="true"><attributes><text id="name">Change Attribute</text><text id="bundleName">ChangeAttribute.behavior</text><text id="targetAttribute">self.attributes.id807482</text><text id="RHS"><expression><string xml:space="preserve">random(0,100)</string></expression></text></attributes></behavior><behavior id="id370592" class="ChangeAttributeAction" enabled="true"><attributes><text id="name">Change Attribute</text><text id="bundleName">ChangeAttribute.behavior</text><text id="targetAttribute">self.attributes.position.x</text><text id="RHS"><expression><reference keypath="self.attributes.id485800"/></expression></text></attributes></behavior><behavior id="id119619" class="ChangeAttributeAction" enabled="true"><attributes><text id="name">Change Attribute</text><text id="bundleName">ChangeAttribute.behavior</text><text id="targetAttribute">self.attributes.position.y</text><text id="RHS"><expression><reference keypath="self.attributes.id165149"/></expression></text></attributes></behavior><behavior id="id423668" class="ChangeAttributeAction" enabled="true"><attributes><text id="name">Change Attribute</text><text id="bundleName">ChangeAttribute.behavior</text><text id="targetAttribute">self.attributes.size.width</text><text id="RHS"><expression><string xml:space="preserve">6</string></expression></text></attributes></behavior><behavior id="id248795" class="ChangeAttributeAction" enabled="true"><attributes><text id="name">Change Attribute</text><text id="bundleName">ChangeAttribute.behavior</text><text id="targetAttribute">self.attributes.size.height</text><text id="RHS"><expression><string xml:space="preserve">14</string></expression></text></attributes></behavior><behavior id="id220269" class="MoveBehavior" enabled="true"><attributes><text id="name">Move</text><text id="bundleName">Move.behavior</text><angle id="direction"><expression><reference keypath="self.attributes.id121251"/></expression></angle><index id="space">1</index><index id="moveType">0</index><real id="speed"><expression><string xml:space="preserve">(</string><reference keypath="game.attributes.id686785"/><string xml:space="preserve">)*(max(3,abs(</string><reference keypath="self.attributes.position.y"/><string xml:space="preserve">-</string><reference keypath="self.attributes.id165149"/><string xml:space="preserve">))/12)</string></expression></real><boolean id="haltWhenBehaviorStops">true</boolean></attributes></behavior></behaviors><elseBehaviors><behavior id="id693224" class="ChangeAttributeAction" enabled="true"><attributes><text id="name">Change Attribute</text><text id="bundleName">ChangeAttribute.behavior</text><text id="targetAttribute">self.attributes.color.alpha</text><text id="RHS"><expression><string xml:space="preserve">0</string></expression></text></attributes></behavior><behavior id="id707916" class="TimerBehavior" enabled="true"><attributes><text id="name">Timer</text><text id="bundleName">Timer.behavior</text><index id="timerType">1</index><real id="interval"><expression><string xml:space="preserve">random(3,6)</string></expression></real><boolean id="runToCompletion">false</boolean></attributes><behaviors><behavior id="id126294" class="ChangeAttributeAction" enabled="true"><attributes><text id="name">Change Attribute</text><text id="bundleName">ChangeAttribute.behavior</text><text id="targetAttribute">self.attributes.id593866</text><text id="RHS"><expression><string xml:space="preserve">true</string></expression></text></attributes></behavior></behaviors></behavior></elseBehaviors></behavior><behavior enabled="true" id="id670223" class="RuleBehavior"><attributes><text id="name">Rule</text><text id="bundleName">Rule.behavior</text><real id="compoundConditionKind">1</real></attributes><conditions><condition id="id684213" pluginPredicateTypeIndex="0" eventType="mouse position"><attributes><index id="conditionType">1</index><text id="subjectAttribute">self.attributes.position.y</text></attributes><predicate type="number"><attributes><text id="operator">&lt;</text><real id="RHS"><expression><string xml:space="preserve">-30</string></expression></real></attributes></predicate></condition><condition id="id370321" pluginPredicateTypeIndex="0" eventType="mouse position"><attributes><index id="conditionType">1</index><text id="subjectAttribute">self.attributes.position.x</text></attributes><predicate type="number"><attributes><text id="operator">&lt;</text><real id="RHS"><expression><string xml:space="preserve">-30</string></expression></real></attributes></predicate></condition><condition id="id744749" pluginPredicateTypeIndex="0" eventType="mouse position"><attributes><index id="conditionType">1</index><text id="subjectAttribute">self.attributes.position.x</text></attributes><predicate type="number"><attributes><text id="operator">&gt;</text><real id="RHS"><expression><reference keypath="game.devices.screen.size.width"/><string xml:space="preserve">+30</string></expression></real></attributes></predicate></condition></conditions><behaviors><behavior id="id545475" class="ChangeAttributeAction" enabled="true"><attributes><text id="name">Change Attribute</text><text id="bundleName">ChangeAttribute.behavior</text><text id="targetAttribute">self.attributes.id593866</text><text id="RHS"><expression><string xml:space="preserve">false</string></expression></text></attributes></behavior></behaviors><elseBehaviors/></behavior><behavior id="id303368" class="CompoundBehavior" enabled="true"><attributes><text id="name">Group Sets Obstical size</text><text id="bundleName">Group.behavior</text></attributes><behaviors><behavior enabled="true" id="id545610" class="RuleBehavior"><attributes><text id="name">Rule - Sizes for type 1 and 2. Add as many types here as you need!</text><text id="bundleName">Rule.behavior</text><real id="compoundConditionKind">0</real></attributes><conditions><condition id="id380621" pluginPredicateTypeIndex="0" eventType="mouse position"><attributes><index id="conditionType">1</index><text id="subjectAttribute">self.attributes.id869655</text></attributes><predicate type="number"><attributes><text id="operator">=</text><real id="RHS"><expression><string xml:space="preserve">1</string></expression></real></attributes></predicate></condition></conditions><behaviors><behavior id="id270071" class="ConstrainAttributeBehavior" enabled="true"><attributes><text id="name">Constrain Attribute</text><text id="bundleName">ConstrainAttribute.behavior</text><text id="targetAttribute">self.attributes.size.width</text><text id="RHS"><expression><string xml:space="preserve">(abs(</string><reference keypath="self.attributes.position.y"/><string xml:space="preserve">-252)*0.8)</string></expression></text></attributes></behavior><behavior id="id204827" class="ConstrainAttributeBehavior" enabled="true"><attributes><text id="name">Constrain Attribute</text><text id="bundleName">ConstrainAttribute.behavior</text><text id="targetAttribute">self.attributes.size.height</text><text id="RHS"><expression><reference keypath="self.attributes.size.width"/><string xml:space="preserve">*1.75</string></expression></text></attributes></behavior></behaviors><elseBehaviors><behavior id="id462618" class="ConstrainAttributeBehavior" enabled="true"><attributes><text id="name">Constrain Attribute</text><text id="bundleName">ConstrainAttribute.behavior</text><text id="targetAttribute">self.attributes.size.width</text><text id="RHS"><expression><string xml:space="preserve">(abs(</string><reference keypath="self.attributes.position.y"/><string xml:space="preserve">-252)*0.8)</string></expression></text></attributes></behavior><behavior id="id785297" class="ConstrainAttributeBehavior" enabled="true"><attributes><text id="name">Constrain Attribute</text><text id="bundleName">ConstrainAttribute.behavior</text><text id="targetAttribute">self.attributes.size.height</text><text id="RHS"><expression><reference keypath="self.attributes.size.width"/><string xml:space="preserve">/1.25</string></expression></text></attributes></behavior></elseBehaviors></behavior></behaviors></behavior></behaviors><aspects><graphics><attributes><boolean id="visible">true</boolean><enumeration id="blendingMode">0</enumeration><enumeration id="horizontalWrap">0</enumeration><enumeration id="verticalWrap">0</enumeration><enumeration id="horizontalAnchor">0</enumeration><enumeration id="verticalAnchor">0</enumeration><boolean id="flipHorizontally">false</boolean><boolean id="flipVertically">false</boolean><integer id="tileWidth">110</integer><integer id="tileHeight">64</integer></attributes></graphics><motion><attributes><point id="linearVelocity"><real id="x">0</real><real id="y">0</real></point><real id="angularVelocity">0</real><real id="maxSpeed">0</real><boolean id="applyMaxSpeed">false</boolean></attributes></motion><physics><attributes><real id="density">1</real><real id="friction">3</real><real id="restitution">1</real><boolean id="fixedRotation">false</boolean><boolean id="movable">true</boolean><enumeration id="collisionShape">0</enumeration><real id="drag">0</real><real id="angularDrag">0</real></attributes></physics></aspects></actor>
