<?xml version="1.0" encoding="UTF-8"?>
<scene id="id326697" GSCVersion="0.9.92" PGFVersion="0.17"><layers><layer id="id782816"><actors><actor id="id698568" prototype="id299853"><attributes><point id="position"><real id="x">239.5</real><real id="y">56</real></point><size id="size"><real id="width">403</real><real id="height">57</real></size></attributes><aspects/></actor><actor id="id577837" prototype="id117258"><attributes><point id="position"><real id="x">145</real><real id="y">180.5</real></point></attributes><aspects/></actor><actor id="id481743" prototype="id784637"><attributes><point id="position"><real id="x">240</real><real id="y">163.5</real></point><size id="size"><real id="width">476</real><real id="height">310</real></size><image id="image">Zcopter 512x512</image></attributes><aspects/></actor><actor id="id498554" prototype="id892907"><attributes><point id="position"><real id="x">245</real><real id="y">320.543</real></point><size id="size"><real id="width">499</real><real id="height">25</real></size></attributes><aspects/></actor><actor id="id137039" prototype="id472355"><attributes><point id="position"><real id="x">241</real><real id="y">-2.69672</real></point></attributes><aspects/></actor><actor id="id691457" prototype="id280112"><attributes><point id="position"><real id="x">424</real><real id="y">14.5</real></point><size id="size"><real id="width">86</real><real id="height">26</real></size></attributes><aspects/></actor><actor id="id166684" prototype="id767401"><attributes><point id="position"><real id="x">67</real><real id="y">372</real></point><size id="size"><real id="width">100</real><real id="height">77</real></size></attributes><aspects/></actor><actor id="id150138" prototype="id427855"><attributes><point id="position"><real id="x">124</real><real id="y">371</real></point><size id="size"><real id="width">100</real><real id="height">69</real></size></attributes><aspects/></actor><actor id="id995465" prototype="id249397"><attributes><point id="position"><real id="x">196</real><real id="y">371.5</real></point><size id="size"><real id="width">100</real><real id="height">72</real></size></attributes><aspects/></actor><actor id="id241620" prototype="id656344"><attributes><point id="position"><real id="x">329</real><real id="y">364.5</real></point></attributes><aspects/></actor><actor id="id185090" prototype="id712031"><attributes><point id="position"><real id="x">268</real><real id="y">375.5</real></point><size id="size"><real id="width">100</real><real id="height">68</real></size></attributes><aspects/></actor><actor id="id308569" prototype="id516873"><attributes><point id="position"><real id="x">416</real><real id="y">378</real></point><size id="size"><real id="width">100</real><real id="height">69</real></size></attributes><aspects/></actor></actors><attributes><text id="name">Background</text><boolean id="scrollable">true</boolean></attributes></layer></layers><attributes><text id="name">Scene 1</text><real id="time">0</real><size id="size"><real id="width">480</real><real id="height">410</real></size><boolean id="wrapX">false</boolean><boolean id="wrapY">false</boolean><point id="gravity"><real id="x">0</real><real id="y">0</real></point><color id="color"><real id="red">0</real><real id="green">0</real><real id="blue">0</real><real id="alpha">1</real></color><rect id="camera"><point id="origin"><real id="x">0</real><real id="y">0</real></point><size id="size"><real id="width">480</real><real id="height">320</real></size><size id="trackingArea"><real id="width">400</real><real id="height">240</real></size><real id="rotation">0</real></rect><attributes id="autorotate"><boolean id="landscapeLeft">true</boolean><boolean id="portrait">false</boolean><boolean id="landscapeRight">false</boolean><boolean id="portraitUpsideDown">false</boolean></attributes></attributes></scene>
