<?xml version="1.0" encoding="UTF-8"?>
<scene id="id269551" GSCVersion="0.9.92" PGFVersion="0.17"><layers><layer id="id112326"><actors><actor id="id431661" prototype="id671236"><attributes><point id="position"><real id="x">512</real><real id="y">95.5</real></point></attributes><aspects/></actor><actor id="id831591" prototype="id671236"><attributes><point id="position"><real id="x">531</real><real id="y">110.5</real></point></attributes><aspects/></actor><actor id="id380308" prototype="id671236"><attributes><point id="position"><real id="x">514</real><real id="y">129.5</real></point></attributes><aspects/></actor><actor id="id620306" prototype="id671236"><attributes><point id="position"><real id="x">530</real><real id="y">191.5</real></point></attributes><aspects/></actor><actor id="id566358" prototype="id671236"><attributes><point id="position"><real id="x">525</real><real id="y">251.5</real></point></attributes><aspects/></actor><actor id="id738214" prototype="id671236"><attributes><point id="position"><real id="x">526</real><real id="y">291.5</real></point></attributes><aspects/></actor><actor id="id527968" prototype="id671236"><attributes><point id="position"><real id="x">500</real><real id="y">270.5</real></point></attributes><aspects/></actor><actor id="id833780" prototype="id671236"><attributes><point id="position"><real id="x">558</real><real id="y">214.5</real></point></attributes><aspects/></actor><actor id="id622710" prototype="id671236"><attributes><point id="position"><real id="x">498</real><real id="y">176.5</real></point></attributes><aspects/></actor><actor id="id785032" prototype="id671236"><attributes><point id="position"><real id="x">498</real><real id="y">158.5</real></point></attributes><aspects/></actor><actor id="id655956" prototype="id671236"><attributes><point id="position"><real id="x">534</real><real id="y">75.5</real></point></attributes><aspects/></actor><actor id="id889182" prototype="id671236"><attributes><point id="position"><real id="x">557</real><real id="y">58.5</real></point></attributes><aspects/></actor><actor id="id920063" prototype="id671236"><attributes><point id="position"><real id="x">547</real><real id="y">35.5</real></point></attributes><aspects/></actor><actor id="id470733" prototype="id671236"><attributes><point id="position"><real id="x">515</real><real id="y">17.5</real></point></attributes><aspects/></actor><actor id="id702266" prototype="id671236"><attributes><point id="position"><real id="x">513</real><real id="y">230.5</real></point></attributes><aspects/></actor><actor id="id697333" prototype="id561615"><attributes><point id="position"><real id="x">549</real><real id="y">161</real></point><size id="size"><real id="width">100</real><real id="height">323</real></size></attributes><aspects/></actor><actor id="id363234" prototype="id631121"><attributes><point id="position"><real id="x">38</real><real id="y">287</real></point><size id="size"><real id="width">76</real><real id="height">57</real></size></attributes><aspects/></actor><actor id="id194009" prototype="id280505"><attributes><point id="position"><real id="x">125</real><real id="y">220.5</real></point><color id="color"><real id="red">1</real><real id="green">1</real><real id="blue">1</real><real id="alpha">0</real></color></attributes><aspects/></actor><actor id="id251108" prototype="id892907"><attributes><point id="position"><real id="x">247</real><real id="y">325.043</real></point><size id="size"><real id="width">499</real><real id="height">24</real></size></attributes><aspects/><behaviors><behavior id="id638519" class="CollideBehavior" enabled="true"><attributes><text id="name">Collide</text><text id="bundleName">Collide.behavior</text><text id="prototypeKey">id244717</text><text id="actorTag">copter</text><index id="mode">1</index></attributes></behavior><behavior enabled="true" id="id138355" class="RuleBehavior"><attributes><text id="name">Rule</text><text id="bundleName">Rule.behavior</text><real id="compoundConditionKind">0</real></attributes><conditions><condition id="id819750" pluginPredicateTypeIndex="0" eventType="overlaps or collides"><attributes><index id="conditionType">0</index></attributes><predicate type="collision"><attributes><text id="prototypeKey">id244717</text><text id="actorTag">copter</text><real id="mode">1</real></attributes></predicate></condition></conditions><behaviors><behavior id="id874629" class="ChangeAttributeAction" enabled="true"><attributes><text id="name">Change Attribute</text><text id="bundleName">ChangeAttribute.behavior</text><text id="targetAttribute">game.attributes.id148573</text><text id="RHS">true</text></attributes></behavior></behaviors><elseBehaviors/></behavior><behavior id="id261151" class="CompoundBehavior" enabled="true"><attributes><text id="name">Group</text><text id="bundleName">Group.behavior</text></attributes><behaviors><behavior id="id795621" class="ConstrainAttributeBehavior" enabled="true"><attributes><text name="Name" id="name">Constrain Attribute</text><text name="Bundle Name" id="bundleName">ConstrainAttribute.behavior</text><text name="Target Attribute" id="targetAttribute">self.attributes.position.x</text><text name="RHS" id="RHS">245.5</text></attributes></behavior><behavior id="id854798" class="ConstrainAttributeBehavior" enabled="true"><attributes><text name="Name" id="name">Constrain Attribute</text><text name="Bundle Name" id="bundleName">ConstrainAttribute.behavior</text><text name="Target Attribute" id="targetAttribute">self.attributes.position.y</text><text name="RHS" id="RHS">326</text></attributes></behavior></behaviors></behavior></behaviors></actor><actor id="id709210" prototype="id441695"><attributes><point id="position"><real id="x">247</real><real id="y">319.043</real></point><size id="size"><real id="width">499</real><real id="height">24</real></size></attributes><aspects/></actor><actor id="id293699" prototype="id472355"><attributes><point id="position"><real id="x">242</real><real id="y">-1.69672</real></point><size id="size"><real id="width">488</real><real id="height">24</real></size></attributes><aspects/><behaviors><behavior id="id638519" class="CollideBehavior" enabled="true"><attributes><text id="name">Collide</text><text id="bundleName">Collide.behavior</text><text id="prototypeKey">id244717</text><text id="actorTag">copter</text><index id="mode">1</index></attributes></behavior><behavior enabled="true" id="id138355" class="RuleBehavior"><attributes><text id="name">Rule</text><text id="bundleName">Rule.behavior</text><real id="compoundConditionKind">0</real></attributes><conditions><condition id="id819750" pluginPredicateTypeIndex="0" eventType="overlaps or collides"><attributes><index id="conditionType">0</index></attributes><predicate type="collision"><attributes><text id="prototypeKey">id244717</text><text id="actorTag">copter</text><real id="mode">1</real></attributes></predicate></condition></conditions><behaviors><behavior id="id874629" class="ChangeAttributeAction" enabled="true"><attributes><text id="name">Change Attribute</text><text id="bundleName">ChangeAttribute.behavior</text><text id="targetAttribute">game.attributes.id148573</text><text id="RHS">true</text></attributes></behavior></behaviors><elseBehaviors/></behavior><behavior id="id669058" class="ConstrainAttributeBehavior" enabled="true"><attributes><text id="name">Constrain Attribute</text><text id="bundleName">ConstrainAttribute.behavior</text><text id="targetAttribute">self.attributes.position.x</text><text id="RHS">242</text></attributes></behavior><behavior id="id873974" class="ConstrainAttributeBehavior" enabled="true"><attributes><text id="name">Constrain Attribute</text><text id="bundleName">ConstrainAttribute.behavior</text><text id="targetAttribute">self.attributes.position.y</text><text id="RHS">-6</text></attributes></behavior></behaviors></actor><actor id="id778646" prototype="id144446"><attributes><point id="position"><real id="x">242</real><real id="y">9.30328</real></point><size id="size"><real id="width">488</real><real id="height">24</real></size></attributes><aspects/></actor><actor id="id214753" prototype="id754132"><attributes><point id="position"><real id="x">416</real><real id="y">21.5</real></point><size id="size"><real id="width">40</real><real id="height">40</real></size></attributes><aspects/></actor></actors><attributes><text id="name">Background</text><boolean id="scrollable">true</boolean></attributes></layer></layers><attributes><text id="name">Initial Scene</text><real id="time">0</real><size id="size"><real id="width">600</real><real id="height">480</real></size><boolean id="wrapX">false</boolean><boolean id="wrapY">false</boolean><point id="gravity"><real id="x">0</real><real id="y">0</real></point><color id="color"><real id="red">0</real><real id="green">0</real><real id="blue">0</real><real id="alpha">1</real></color><rect id="camera"><point id="origin"><real id="x">0</real><real id="y">0</real></point><size id="size"><real id="width">480</real><real id="height">320</real></size><size id="trackingArea"><real id="width">400</real><real id="height">240</real></size><real id="rotation">0</real></rect><attributes id="autorotate"><boolean id="landscapeLeft">true</boolean><boolean id="portrait">false</boolean><boolean id="landscapeRight">false</boolean><boolean id="portraitUpsideDown">false</boolean></attributes></attributes></scene>
