<?xml version="1.0" encoding="UTF-8"?>
<scene id="id799947" GSCVersion="0.9.92" PGFVersion="0.17"><layers><layer id="id271598"><actors><actor id="id549510" prototype="id375542"><attributes><point id="position"><real id="x">244</real><real id="y">156.5</real></point><size id="size"><real id="width">306</real><real id="height">114</real></size></attributes><aspects/></actor><actor id="id441305" prototype="id631121"><attributes><point id="position"><real id="x">242</real><real id="y">246</real></point><size id="size"><real id="width">330</real><real id="height">59</real></size></attributes><aspects/><behaviors><behavior id="id352724" class="DisplayTextBehavior" enabled="true"><attributes><text id="name">Display Text</text><text id="bundleName">DisplayText.behavior</text><text id="text"><expression><reference keypath="game.attributes.id983882"/></expression></text><text id="font">Arial</text><real id="size">30</real><index id="alignment">1</index><boolean id="wrap">false</boolean><color id="color"><real id="red">1</real><real id="green">0</real><real id="blue">0</real><real id="alpha">1</real></color></attributes></behavior></behaviors></actor><actor id="id700194" prototype="id463521"><attributes><point id="position"><real id="x">242.5</real><real id="y">283.5</real></point><size id="size"><real id="width">327</real><real id="height">60</real></size><color id="color"><real id="red">1</real><real id="green">1</real><real id="blue">1</real><real id="alpha">0</real></color></attributes><aspects/></actor><actor id="id504485" prototype="id652091"><attributes><point id="position"><real id="x">244.5</real><real id="y">51.5</real></point><size id="size"><real id="width">301</real><real id="height">68</real></size></attributes><aspects/></actor><actor id="id636537" prototype="id892907"><attributes><point id="position"><real id="x">241</real><real id="y">321.043</real></point></attributes><aspects/></actor><actor id="id593623" prototype="id472355"><attributes><point id="position"><real id="x">242</real><real id="y">-1.69672</real></point><size id="size"><real id="width">488</real><real id="height">24</real></size></attributes><aspects/></actor><actor id="id942887" prototype="id825883"><attributes><point id="position"><real id="x">56</real><real id="y">227.5</real></point><color id="color"><real id="red">1</real><real id="green">1</real><real id="blue">1</real><real id="alpha">0</real></color></attributes><aspects/></actor></actors><attributes><text id="name">Background</text><boolean id="scrollable">true</boolean></attributes></layer></layers><attributes><text id="name">Game over</text><real id="time">0</real><size id="size"><real id="width">480</real><real id="height">480</real></size><boolean id="wrapX">false</boolean><boolean id="wrapY">false</boolean><point id="gravity"><real id="x">0</real><real id="y">0</real></point><color id="color"><real id="red">0</real><real id="green">0</real><real id="blue">0</real><real id="alpha">1</real></color><rect id="camera"><point id="origin"><real id="x">0</real><real id="y">0</real></point><size id="size"><real id="width">480</real><real id="height">320</real></size><size id="trackingArea"><real id="width">400</real><real id="height">240</real></size><real id="rotation">0</real></rect><attributes id="autorotate"><boolean id="landscapeLeft">true</boolean><boolean id="portrait">false</boolean><boolean id="landscapeRight">false</boolean><boolean id="portraitUpsideDown">false</boolean></attributes></attributes></scene>
