<?xml version="1.0" encoding="UTF-8"?>
<scene id="id591036" GSCVersion="0.9.92" PGFVersion="0.17"><layers><layer id="id708981"><actors><actor id="id486846" prototype="id767401"><attributes><point id="position"><real id="x">405</real><real id="y">213</real></point><size id="size"><real id="width">118</real><real id="height">55</real></size><color id="color"><real id="red">1</real><real id="green">1</real><real id="blue">1</real><real id="alpha">0</real></color></attributes><aspects/></actor><actor id="id364512" prototype="id611162"><attributes><point id="position"><real id="x">240.5</real><real id="y">286.5</real></point><size id="size"><real id="width">405</real><real id="height">48</real></size><color id="color"><real id="red">1</real><real id="green">1</real><real id="blue">1</real><real id="alpha">0</real></color></attributes><aspects/></actor><actor id="id504834" prototype="id604224"><attributes><point id="position"><real id="x">336</real><real id="y">213</real></point><size id="size"><real id="width">26</real><real id="height">55</real></size><color id="color"><real id="red">1</real><real id="green">1</real><real id="blue">1</real><real id="alpha">0</real></color></attributes><aspects/></actor><actor id="id827748" prototype="id362982"><attributes><point id="position"><real id="x">73</real><real id="y">226</real></point><size id="size"><real id="width">100</real><real id="height">55</real></size><color id="color"><real id="red">1</real><real id="green">1</real><real id="blue">1</real><real id="alpha">0</real></color></attributes><aspects/></actor><actor id="id575226" prototype="id111065"><attributes><point id="position"><real id="x">79</real><real id="y">166</real></point><size id="size"><real id="width">152</real><real id="height">49</real></size><color id="color"><real id="red">1</real><real id="green">1</real><real id="blue">1</real><real id="alpha">0</real></color></attributes><aspects/></actor><actor id="id397370" prototype="id887719"><attributes><point id="position"><real id="x">72</real><real id="y">105</real></point><size id="size"><real id="width">100</real><real id="height">49</real></size><color id="color"><real id="red">1</real><real id="green">1</real><real id="blue">1</real><real id="alpha">0</real></color></attributes><aspects/></actor><actor id="id750383" prototype="id427855"><attributes><point id="position"><real id="x">406</real><real id="y">159.5</real></point><size id="size"><real id="width">120</real><real id="height">46</real></size></attributes><aspects/></actor><actor id="id533969" prototype="id604224"><attributes><point id="position"><real id="x">336</real><real id="y">154</real></point><size id="size"><real id="width">24</real><real id="height">57</real></size><color id="color"><real id="red">1</real><real id="green">1</real><real id="blue">1</real><real id="alpha">0</real></color></attributes><aspects/></actor><actor id="id781867" prototype="id604224"><attributes><point id="position"><real id="x">336</real><real id="y">102.5</real></point><size id="size"><real id="width">24</real><real id="height">36</real></size><angle id="rotation">0</angle><color id="color"><real id="red">1</real><real id="green">1</real><real id="blue">1</real><real id="alpha">0</real></color></attributes><aspects/></actor><actor id="id446004" prototype="id249397"><attributes><point id="position"><real id="x">388.5</real><real id="y">96</real></point><size id="size"><real id="width">83</real><real id="height">45</real></size><color id="color"><real id="red">1</real><real id="green">1</real><real id="blue">1</real><real id="alpha">0</real></color></attributes><aspects/></actor><actor id="id830147" prototype="id656344"><attributes><point id="position"><real id="x">236.5</real><real id="y">160.5</real></point><size id="size"><real id="width">183</real><real id="height">48</real></size></attributes><aspects/></actor><actor id="id794099" prototype="id516873"><attributes><point id="position"><real id="x">219</real><real id="y">99</real></point><size id="size"><real id="width">216</real><real id="height">41</real></size></attributes><aspects/></actor><actor id="id834506" prototype="id712031"><attributes><point id="position"><real id="x">218.5</real><real id="y">215</real></point><size id="size"><real id="width">221</real><real id="height">51</real></size></attributes><aspects/></actor><actor id="id302013" prototype="id892907"><attributes><point id="position"><real id="x">240</real><real id="y">321.043</real></point></attributes><aspects/></actor><actor id="id868611" prototype="id472355"><attributes><point id="position"><real id="x">238</real><real id="y">-2.69672</real></point><size id="size"><real id="width">488</real><real id="height">24</real></size></attributes><aspects/></actor><actor id="id436730" prototype="id549224"><attributes><point id="position"><real id="x">39</real><real id="y">282</real></point></attributes><aspects/></actor><actor id="id466343" prototype="id140372"><attributes><point id="position"><real id="x">45.5</real><real id="y">282.5</real></point><size id="size"><real id="width">93</real><real id="height">80</real></size></attributes><aspects/></actor><actor id="id931025" prototype="id921288"><attributes><point id="position"><real id="x">240</real><real id="y">36.5</real></point><size id="size"><real id="width">402</real><real id="height">56</real></size></attributes><aspects/></actor></actors><attributes><text id="name">Background</text><boolean id="scrollable">true</boolean></attributes></layer></layers><attributes><text id="name">Highscore</text><real id="time">0</real><size id="size"><real id="width">480</real><real id="height">320</real></size><boolean id="wrapX">false</boolean><boolean id="wrapY">false</boolean><point id="gravity"><real id="x">0</real><real id="y">0</real></point><color id="color"><real id="red">0</real><real id="green">0</real><real id="blue">0</real><real id="alpha">1</real></color><rect id="camera"><point id="origin"><real id="x">0</real><real id="y">0</real></point><size id="size"><real id="width">480</real><real id="height">320</real></size><size id="trackingArea"><real id="width">400</real><real id="height">240</real></size><real id="rotation">0</real></rect><attributes id="autorotate"><boolean id="landscapeLeft">true</boolean><boolean id="portrait">false</boolean><boolean id="landscapeRight">false</boolean><boolean id="portraitUpsideDown">false</boolean></attributes></attributes></scene>
