<?xml version="1.0" encoding="UTF-8"?>
<scene id="id101508" GSCVersion="0.9.92" PGFVersion="0.17"><layers><layer id="id245601"><actors><actor id="id397765" prototype="id147694"><attributes><point id="position"><real id="x">240</real><real id="y">164.5</real></point><size id="size"><real id="width">474</real><real id="height">293</real></size><angle id="rotation">0</angle></attributes><aspects/></actor><actor id="id709880" prototype="id892907"><attributes><point id="position"><real id="x">245</real><real id="y">321.043</real></point><size id="size"><real id="width">499</real><real id="height">24</real></size></attributes><aspects/></actor><actor id="id623065" prototype="id472355"><attributes><point id="position"><real id="x">242</real><real id="y">-0.69672</real></point><size id="size"><real id="width">488</real><real id="height">24</real></size></attributes><aspects/></actor><actor id="id731427" prototype="id549224"><attributes><point id="position"><real id="x">39</real><real id="y">299</real></point><size id="size"><real id="width">68</real><real id="height">55</real></size></attributes><aspects/></actor><actor id="id752058" prototype="id140372"><attributes><point id="position"><real id="x">39</real><real id="y">289.5</real></point><size id="size"><real id="width">84</real><real id="height">90</real></size></attributes><aspects/></actor></actors><attributes><text id="name">Background</text><boolean id="scrollable">true</boolean></attributes></layer></layers><attributes><text id="name">How to play</text><real id="time">0</real><size id="size"><real id="width">480</real><real id="height">480</real></size><boolean id="wrapX">false</boolean><boolean id="wrapY">false</boolean><point id="gravity"><real id="x">0</real><real id="y">0</real></point><color id="color"><real id="red">0</real><real id="green">0</real><real id="blue">0</real><real id="alpha">1</real></color><rect id="camera"><point id="origin"><real id="x">0</real><real id="y">0</real></point><size id="size"><real id="width">480</real><real id="height">320</real></size><size id="trackingArea"><real id="width">400</real><real id="height">240</real></size><real id="rotation">0</real></rect><attributes id="autorotate"><boolean id="landscapeLeft">true</boolean><boolean id="portrait">false</boolean><boolean id="landscapeRight">false</boolean><boolean id="portraitUpsideDown">false</boolean></attributes></attributes></scene>
