<?xml version="1.0" encoding="UTF-8"?>
<scene id="id735671" GSCVersion="0.9.92" PGFVersion="0.17"><layers><layer id="id283464"><actors><actor id="id396115" prototype="id295284"><attributes><point id="position"><real id="x">240</real><real id="y">215</real></point><size id="size"><real id="width">175</real><real id="height">50</real></size></attributes><aspects/></actor><actor id="id825984" prototype="id946680"><attributes><point id="position"><real id="x">240</real><real id="y">140</real></point><size id="size"><real id="width">175</real><real id="height">50</real></size></attributes><aspects/></actor><actor id="id546342" prototype="id144394"><attributes><point id="position"><real id="x">240</real><real id="y">65</real></point><size id="size"><real id="width">175</real><real id="height">50</real></size></attributes><aspects/></actor><actor id="id546149" prototype="id549224"><attributes><point id="position"><real id="x">44</real><real id="y">280</real></point></attributes><aspects/></actor><actor id="id933410" prototype="id140372"><attributes><point id="position"><real id="x">45</real><real id="y">277</real></point><size id="size"><real id="width">88</real><real id="height">81</real></size></attributes><aspects/></actor><actor id="id576110" prototype="id218869"><attributes><point id="position"><real id="x">239.5</real><real id="y">276.5</real></point><size id="size"><real id="width">399</real><real id="height">44</real></size><color id="color"><real id="red">1</real><real id="green">1</real><real id="blue">1</real><real id="alpha">0</real></color></attributes><aspects/></actor><actor id="id370093" prototype="id892907"><attributes><point id="position"><real id="x">240</real><real id="y">317.043</real></point></attributes><aspects/></actor><actor id="id415522" prototype="id472355"><attributes><point id="position"><real id="x">241</real><real id="y">-3.69672</real></point></attributes><aspects/></actor><actor id="id116984" prototype="id947173"><attributes><point id="position"><real id="x">415</real><real id="y">184.5</real></point></attributes><aspects/></actor></actors><attributes><text id="name">Background</text><boolean id="scrollable">true</boolean></attributes></layer></layers><attributes><text id="name">Speed</text><real id="time">0</real><size id="size"><real id="width">480</real><real id="height">320</real></size><boolean id="wrapX">false</boolean><boolean id="wrapY">false</boolean><point id="gravity"><real id="x">0</real><real id="y">0</real></point><color id="color"><real id="red">0</real><real id="green">0</real><real id="blue">0</real><real id="alpha">1</real></color><rect id="camera"><point id="origin"><real id="x">0</real><real id="y">0</real></point><size id="size"><real id="width">480</real><real id="height">320</real></size><size id="trackingArea"><real id="width">400</real><real id="height">240</real></size><real id="rotation">0</real></rect><attributes id="autorotate"><boolean id="landscapeLeft">true</boolean><boolean id="portrait">false</boolean><boolean id="landscapeRight">false</boolean><boolean id="portraitUpsideDown">false</boolean></attributes></attributes></scene>
