<?xml version="1.0" encoding="UTF-8"?>
<scene id="id194869" GSCVersion="0.9.92" PGFVersion="0.17"><layers><layer id="id161565"><actors><actor id="id267472" prototype="id439779"><attributes><point id="position"><real id="x">274</real><real id="y">153</real></point><size id="size"><real id="width">230</real><real id="height">69</real></size></attributes><aspects/></actor></actors><attributes><text id="name">Background</text><boolean id="scrollable">true</boolean></attributes></layer></layers><attributes><text id="name">Pause screen</text><real id="time">0</real><size id="size"><real id="width">480</real><real id="height">320</real></size><boolean id="wrapX">false</boolean><boolean id="wrapY">false</boolean><point id="gravity"><real id="x">0</real><real id="y">0</real></point><color id="color"><real id="red">0</real><real id="green">0</real><real id="blue">0</real><real id="alpha">1</real></color><rect id="camera"><point id="origin"><real id="x">0</real><real id="y">0</real></point><size id="size"><real id="width">480</real><real id="height">320</real></size><size id="trackingArea"><real id="width">400</real><real id="height">240</real></size><real id="rotation">0</real></rect><attributes id="autorotate"><boolean id="landscapeLeft">true</boolean><boolean id="portrait">false</boolean><boolean id="landscapeRight">false</boolean><boolean id="portraitUpsideDown">false</boolean></attributes></attributes></scene>
