<?xml version="1.0" encoding="UTF-8"?>
<actor PGFVersion="0.17" id="id671236" GSCVersion="0.9.92"><attributes><text id="name">StarParticles 1</text><real id="time">0</real><point id="position"><real id="x">0</real><real id="y">0</real></point><size id="size"><real id="width">10</real><real id="height">10</real></size><angle id="rotation">0</angle><color id="color"><real id="red">0</real><real id="green">0</real><real id="blue">1</real><real id="alpha">0.75</real></color><image id="image">Star</image><text id="tags"></text><boolean id="preloadArt">true</boolean><integer name="StarSpeed" id="id362821">120</integer></attributes><behaviors><behavior id="id800227" class="ParticlesBehavior" enabled="true"><attributes><text id="name">Particles</text><text id="bundleName">Particles.behavior</text><index id="numParticles">200</index><real id="size"><expression><string>random(5,10)</string></expression></real><real id="lifetime">20</real><real id="startupTime">14</real><angle id="direction">180</angle><real id="speed"><expression><reference keypath="self.attributes.id362821"/></expression></real><image id="image">Star-1</image><angle id="rotation">0</angle><real id="angularVelocity"><expression><string>random(10,110)</string></expression></real><index id="directionRelativity">0</index><real id="emitterOffsetX"><expression><string>random(2,318)</string></expression></real><real id="emitterOffsetY"><expression><string>0</string></expression></real><boolean id="colorChange">false</boolean><boolean id="sizeChange">false</boolean><real id="colorTransitionTime">1</real><real id="sizeTarget">5</real><real id="sizeTransitionTime">0</real><color id="color"><real id="red">0</real><real id="green">0</real><real id="blue">1</real><real id="alpha">0.7</real></color><color id="colorTarget"><real id="red">0</real><real id="green">0</real><real id="blue">1</real><real id="alpha">1</real></color><boolean id="affectedByGravity">false</boolean><enumeration id="blendingMode">0</enumeration></attributes></behavior></behaviors><aspects><graphics><attributes><boolean id="visible">true</boolean><enumeration id="blendingMode">0</enumeration><enumeration id="horizontalWrap">0</enumeration><enumeration id="verticalWrap">0</enumeration><enumeration id="horizontalAnchor">0</enumeration><enumeration id="verticalAnchor">0</enumeration><boolean id="flipHorizontally">false</boolean><boolean id="flipVertically">false</boolean></attributes></graphics><motion><attributes><point id="linearVelocity"><real id="x">0</real><real id="y">0</real></point><real id="angularVelocity">0</real><real id="maxSpeed">0</real><boolean id="applyMaxSpeed">false</boolean></attributes></motion><physics><attributes><real id="density">1</real><real id="friction">3</real><real id="restitution">1</real><boolean id="fixedRotation">false</boolean><boolean id="movable">true</boolean><enumeration id="collisionShape">0</enumeration><real id="drag">0</real><real id="angularDrag">0</real></attributes></physics></aspects></actor>
