<?xml version="1.0" encoding="UTF-8"?>
<actor PGFVersion="0.17" id="id631121" GSCVersion="0.9.92"><attributes><text id="name">Score keeper</text><real id="time">0</real><point id="position"><real id="x">0</real><real id="y">0</real></point><size id="size"><real id="width">100</real><real id="height">100</real></size><angle id="rotation">0</angle><color id="color"><real id="red">1</real><real id="green">1</real><real id="blue">1</real><real id="alpha">0</real></color><image id="image"></image><text id="tags"></text><boolean id="preloadArt">true</boolean></attributes><behaviors><behavior enabled="true" id="id445920" class="RuleBehavior"><attributes><text id="name">Rule</text><text id="bundleName">Rule.behavior</text><real id="compoundConditionKind">0</real></attributes><conditions><condition id="id414301" pluginPredicateTypeIndex="0" eventType="mouse position"><attributes><index id="conditionType">1</index><text id="subjectAttribute">game.attributes.id704464</text></attributes><predicate type="string"><attributes><text id="operator">is</text><text id="RHS">medium</text></attributes></predicate></condition></conditions><behaviors><behavior enabled="true" id="id943936" class="RuleBehavior"><attributes><text id="name">Rule</text><text id="bundleName">Rule.behavior</text><real id="compoundConditionKind">0</real></attributes><conditions><condition id="id788167" pluginPredicateTypeIndex="0" eventType="mouse position"><attributes><index id="conditionType">1</index><text id="subjectAttribute">game.attributes.id148573</text></attributes><predicate type="boolean"><attributes><index id="RHS">0</index></attributes></predicate></condition></conditions><behaviors><behavior id="id479183" class="TimerBehavior" enabled="true"><attributes><text id="name">Timer</text><text id="bundleName">Timer.behavior</text><index id="timerType">0</index><real id="interval">0.1</real><boolean id="runToCompletion">false</boolean></attributes><behaviors><behavior id="id407585" class="ChangeAttributeAction" enabled="true"><attributes><text id="name">Change Attribute</text><text id="bundleName">ChangeAttribute.behavior</text><text id="targetAttribute">game.attributes.id983882</text><text id="RHS"><expression><reference keypath="game.attributes.id983882"/><string>+random(1,2)</string></expression></text></attributes></behavior></behaviors></behavior></behaviors><elseBehaviors/></behavior></behaviors><elseBehaviors/></behavior><behavior enabled="true" id="id984165" class="RuleBehavior"><attributes><text id="name">Rule</text><text id="bundleName">Rule.behavior</text><real id="compoundConditionKind">0</real></attributes><conditions><condition id="id414301" pluginPredicateTypeIndex="0" eventType="mouse position"><attributes><index id="conditionType">1</index><text id="subjectAttribute">game.attributes.id704464</text></attributes><predicate type="string"><attributes><text id="operator">is</text><text id="RHS">slow</text></attributes></predicate></condition></conditions><behaviors><behavior enabled="true" id="id943936" class="RuleBehavior"><attributes><text id="name">Rule</text><text id="bundleName">Rule.behavior</text><real id="compoundConditionKind">0</real></attributes><conditions><condition id="id788167" pluginPredicateTypeIndex="0" eventType="mouse position"><attributes><index id="conditionType">1</index><text id="subjectAttribute">game.attributes.id148573</text></attributes><predicate type="boolean"><attributes><index id="RHS">0</index></attributes></predicate></condition></conditions><behaviors><behavior id="id479183" class="TimerBehavior" enabled="true"><attributes><text id="name">Timer</text><text id="bundleName">Timer.behavior</text><index id="timerType">0</index><real id="interval">0.2</real><boolean id="runToCompletion">false</boolean></attributes><behaviors><behavior id="id407585" class="ChangeAttributeAction" enabled="true"><attributes><text id="name">Change Attribute</text><text id="bundleName">ChangeAttribute.behavior</text><text id="targetAttribute">game.attributes.id983882</text><text id="RHS"><expression><reference keypath="game.attributes.id983882"/><string>+random(1,2)</string></expression></text></attributes></behavior></behaviors></behavior></behaviors><elseBehaviors/></behavior></behaviors><elseBehaviors/></behavior><behavior enabled="true" id="id708341" class="RuleBehavior"><attributes><text id="name">Rule</text><text id="bundleName">Rule.behavior</text><real id="compoundConditionKind">0</real></attributes><conditions><condition id="id414301" pluginPredicateTypeIndex="0" eventType="mouse position"><attributes><index id="conditionType">1</index><text id="subjectAttribute">game.attributes.id704464</text></attributes><predicate type="string"><attributes><text id="operator">is</text><text id="RHS">fast</text></attributes></predicate></condition></conditions><behaviors><behavior enabled="true" id="id943936" class="RuleBehavior"><attributes><text id="name">Rule</text><text id="bundleName">Rule.behavior</text><real id="compoundConditionKind">0</real></attributes><conditions><condition id="id788167" pluginPredicateTypeIndex="0" eventType="mouse position"><attributes><index id="conditionType">1</index><text id="subjectAttribute">game.attributes.id148573</text></attributes><predicate type="boolean"><attributes><index id="RHS">0</index></attributes></predicate></condition></conditions><behaviors><behavior id="id479183" class="TimerBehavior" enabled="true"><attributes><text id="name">Timer</text><text id="bundleName">Timer.behavior</text><index id="timerType">0</index><real id="interval">0.055</real><boolean id="runToCompletion">false</boolean></attributes><behaviors><behavior id="id407585" class="ChangeAttributeAction" enabled="true"><attributes><text id="name">Change Attribute</text><text id="bundleName">ChangeAttribute.behavior</text><text id="targetAttribute">game.attributes.id983882</text><text id="RHS"><expression><reference keypath="game.attributes.id983882"/><string>+random(1,2)</string></expression></text></attributes></behavior></behaviors></behavior></behaviors><elseBehaviors/></behavior></behaviors><elseBehaviors/></behavior><behavior id="id352724" class="DisplayTextBehavior" enabled="true"><attributes><text id="name">Display Text</text><text id="bundleName">DisplayText.behavior</text><text id="text"><expression><reference keypath="game.attributes.id983882"/></expression></text><text id="font">Arial</text><real id="size">30</real><index id="alignment">1</index><boolean id="wrap">false</boolean><color id="color"><real id="red">1</real><real id="green">0</real><real id="blue">0</real><real id="alpha">1</real></color></attributes></behavior><behavior enabled="true" id="id672849" class="RuleBehavior"><attributes><text id="name">Rule</text><text id="bundleName">Rule.behavior</text><real id="compoundConditionKind">0</real></attributes><conditions><condition id="id174532" pluginPredicateTypeIndex="0" eventType="mouse position"><attributes><index id="conditionType">1</index><text id="subjectAttribute">game.attributes.id983882</text></attributes><predicate type="number"><attributes><text id="operator">&gt;</text><real id="RHS"><expression><reference keypath="game.attributes.id586871"/></expression></real></attributes></predicate></condition><condition id="id454247" pluginPredicateTypeIndex="0" eventType="mouse position"><attributes><index id="conditionType">1</index><text id="subjectAttribute">game.attributes.id704464</text></attributes><predicate type="string"><attributes><text id="operator">is</text><text id="RHS">slow</text></attributes></predicate></condition></conditions><behaviors><behavior id="id648261" class="ChangeAttributeAction" enabled="true"><attributes><text id="name">Change Attribute</text><text id="bundleName">ChangeAttribute.behavior</text><text id="targetAttribute">game.attributes.id771612</text><text id="RHS">true</text></attributes></behavior><behavior id="id747416" class="ChangeAttributeAction" enabled="true"><attributes><text id="name">Change Attribute</text><text id="bundleName">ChangeAttribute.behavior</text><text id="targetAttribute">game.attributes.id586871</text><text id="RHS"><expression><reference keypath="game.attributes.id983882"/></expression></text></attributes></behavior><behavior id="id872888" class="SaveAttributeAction" enabled="true"><attributes><text id="name">Save Attribute</text><text id="bundleName">SaveAttribute.behavior</text><text id="targetAttribute">game.attributes.id586871</text><text id="key">slow highscore</text></attributes></behavior></behaviors><elseBehaviors/></behavior><behavior enabled="true" id="id522137" class="RuleBehavior"><attributes><text id="name">Rule</text><text id="bundleName">Rule.behavior</text><real id="compoundConditionKind">0</real></attributes><conditions><condition id="id174532" pluginPredicateTypeIndex="0" eventType="mouse position"><attributes><index id="conditionType">1</index><text id="subjectAttribute">game.attributes.id983882</text></attributes><predicate type="number"><attributes><text id="operator">&gt;</text><real id="RHS"><expression><reference keypath="game.attributes.id947383"/></expression></real></attributes></predicate></condition><condition id="id142753" pluginPredicateTypeIndex="0" eventType="mouse position"><attributes><index id="conditionType">1</index><text id="subjectAttribute">game.attributes.id704464</text></attributes><predicate type="string"><attributes><text id="operator">is</text><text id="RHS">medium</text></attributes></predicate></condition></conditions><behaviors><behavior id="id648261" class="ChangeAttributeAction" enabled="true"><attributes><text id="name">Change Attribute</text><text id="bundleName">ChangeAttribute.behavior</text><text id="targetAttribute">game.attributes.id771612</text><text id="RHS">true</text></attributes></behavior><behavior id="id747416" class="ChangeAttributeAction" enabled="true"><attributes><text id="name">Change Attribute</text><text id="bundleName">ChangeAttribute.behavior</text><text id="targetAttribute">game.attributes.id947383</text><text id="RHS"><expression><reference keypath="game.attributes.id983882"/></expression></text></attributes></behavior><behavior id="id872888" class="SaveAttributeAction" enabled="true"><attributes><text id="name">Save Attribute</text><text id="bundleName">SaveAttribute.behavior</text><text id="targetAttribute">game.attributes.id947383</text><text id="key">highscore</text></attributes></behavior></behaviors><elseBehaviors/></behavior><behavior enabled="true" id="id566021" class="RuleBehavior"><attributes><text id="name">Rule</text><text id="bundleName">Rule.behavior</text><real id="compoundConditionKind">0</real></attributes><conditions><condition id="id174532" pluginPredicateTypeIndex="0" eventType="mouse position"><attributes><index id="conditionType">1</index><text id="subjectAttribute">game.attributes.id983882</text></attributes><predicate type="number"><attributes><text id="operator">&gt;</text><real id="RHS"><expression><reference keypath="game.attributes.id993501"/></expression></real></attributes></predicate></condition><condition id="id994821" pluginPredicateTypeIndex="0" eventType="mouse position"><attributes><index id="conditionType">1</index><text id="subjectAttribute">game.attributes.id704464</text></attributes><predicate type="string"><attributes><text id="operator">is</text><text id="RHS">fast</text></attributes></predicate></condition></conditions><behaviors><behavior id="id648261" class="ChangeAttributeAction" enabled="true"><attributes><text id="name">Change Attribute</text><text id="bundleName">ChangeAttribute.behavior</text><text id="targetAttribute">game.attributes.id771612</text><text id="RHS">true</text></attributes></behavior><behavior id="id747416" class="ChangeAttributeAction" enabled="true"><attributes><text id="name">Change Attribute</text><text id="bundleName">ChangeAttribute.behavior</text><text id="targetAttribute">game.attributes.id993501</text><text id="RHS"><expression><reference keypath="game.attributes.id983882"/></expression></text></attributes></behavior><behavior id="id872888" class="SaveAttributeAction" enabled="true"><attributes><text id="name">Save Attribute</text><text id="bundleName">SaveAttribute.behavior</text><text id="targetAttribute">game.attributes.id993501</text><text id="key">fast highscore</text></attributes></behavior></behaviors><elseBehaviors/></behavior></behaviors><aspects><graphics><attributes><boolean id="visible">true</boolean><enumeration id="blendingMode">0</enumeration><enumeration id="horizontalWrap">0</enumeration><enumeration id="verticalWrap">0</enumeration><enumeration id="horizontalAnchor">0</enumeration><enumeration id="verticalAnchor">0</enumeration><boolean id="flipHorizontally">false</boolean><boolean id="flipVertically">false</boolean></attributes></graphics><motion><attributes><point id="linearVelocity"><real id="x">0</real><real id="y">0</real></point><real id="angularVelocity">0</real><real id="maxSpeed">0</real><boolean id="applyMaxSpeed">false</boolean></attributes></motion><physics><attributes><real id="density">1</real><real id="friction">3</real><real id="restitution">1</real><boolean id="fixedRotation">false</boolean><boolean id="movable">true</boolean><enumeration id="collisionShape">0</enumeration><real id="drag">0</real><real id="angularDrag">0</real></attributes></physics></aspects></actor>
