<?xml version="1.0" encoding="UTF-8"?>
<actor PGFVersion="0.17" id="id929561" GSCVersion="0.9.92"><attributes><text id="name">Actor 1</text><real id="time">0</real><point id="position"><real id="x">0</real><real id="y">0</real></point><size id="size"><real id="width">420</real><real id="height">100</real></size><angle id="rotation">0</angle><color id="color"><real id="red">0</real><real id="green">1</real><real id="blue">0</real><real id="alpha">1</real></color><image id="image"></image><text id="tags"></text><boolean id="preloadArt">true</boolean></attributes><behaviors><behavior id="id260938" class="LoadAttributeAction" enabled="true"><attributes><text id="name">Load Attribute</text><text id="bundleName">LoadAtribute.behavior</text><text id="targetAttribute">game.attributes.id448619</text><text id="key">key</text></attributes></behavior><behavior enabled="true" id="id905541" class="RuleBehavior"><attributes><text id="name">Rule</text><text id="bundleName">Rule.behavior</text><real id="compoundConditionKind">0</real></attributes><conditions><condition id="id704209" pluginPredicateTypeIndex="0" eventType="mouse position"><attributes><index id="conditionType">1</index><text id="subjectAttribute">game.attributes.id704464</text></attributes><predicate type="string"><attributes><text id="operator">is</text><text id="RHS">slow</text></attributes></predicate></condition><condition id="id129903" pluginPredicateTypeIndex="0" eventType="touch"><attributes><index id="conditionType">0</index></attributes><predicate type="touch" conditionType="pressed"><attributes/></predicate></condition></conditions><behaviors><behavior id="id841808" class="SaveAttributeAction" enabled="true"><attributes><text id="name">Save Attribute</text><text id="bundleName">SaveAttribute.behavior</text><text id="targetAttribute">game.attributes.id448619</text><text id="key">key</text></attributes></behavior><behavior id="id329104" class="KeyboardInputAction" enabled="true"><attributes><text id="name">Keyboard Input</text><text id="bundleName">KeyboardInput.behavior</text><text id="targetAttribute">game.attributes.id448619</text><text id="keyboardPrompt"></text></attributes></behavior></behaviors><elseBehaviors/></behavior><behavior id="id334332" class="LoadAttributeAction" enabled="true"><attributes><text id="name">Load Attribute</text><text id="bundleName">LoadAtribute.behavior</text><text id="targetAttribute">game.attributes.id723634</text><text id="key">key2</text></attributes></behavior><behavior enabled="true" id="id434669" class="RuleBehavior"><attributes><text id="name">Rule</text><text id="bundleName">Rule.behavior</text><real id="compoundConditionKind">0</real></attributes><conditions><condition id="id954214" pluginPredicateTypeIndex="0" eventType="mouse position"><attributes><index id="conditionType">1</index><text id="subjectAttribute">game.attributes.id704464</text></attributes><predicate type="string"><attributes><text id="operator">is</text><text id="RHS">medium</text></attributes></predicate></condition><condition id="id637549" pluginPredicateTypeIndex="0" eventType="touch"><attributes><index id="conditionType">0</index></attributes><predicate type="touch" conditionType="pressed"><attributes/></predicate></condition></conditions><behaviors><behavior id="id689670" class="KeyboardInputAction" enabled="true"><attributes><text id="name">Keyboard Input</text><text id="bundleName">KeyboardInput.behavior</text><text id="targetAttribute">game.attributes.id723634</text><text id="keyboardPrompt"></text></attributes></behavior><behavior id="id774509" class="SaveAttributeAction" enabled="true"><attributes><text id="name">Save Attribute</text><text id="bundleName">SaveAttribute.behavior</text><text id="targetAttribute">game.attributes.id723634</text><text id="key">key2</text></attributes></behavior></behaviors><elseBehaviors/></behavior><behavior enabled="true" id="id876647" class="RuleBehavior"><attributes><text id="name">Rule</text><text id="bundleName">Rule.behavior</text><real id="compoundConditionKind">0</real></attributes><conditions><condition id="id954214" pluginPredicateTypeIndex="0" eventType="mouse position"><attributes><index id="conditionType">1</index><text id="subjectAttribute">game.attributes.id704464</text></attributes><predicate type="string"><attributes><text id="operator">is</text><text id="RHS">fast</text></attributes></predicate></condition><condition id="id630435" pluginPredicateTypeIndex="0" eventType="touch"><attributes><index id="conditionType">0</index></attributes><predicate type="touch" conditionType="pressed"><attributes/></predicate></condition></conditions><behaviors><behavior id="id689670" class="KeyboardInputAction" enabled="true"><attributes><text id="name">Keyboard Input</text><text id="bundleName">KeyboardInput.behavior</text><text id="targetAttribute">game.attributes.id904252</text><text id="keyboardPrompt"></text></attributes></behavior><behavior id="id430634" class="SaveAttributeAction" enabled="true"><attributes><text id="name">Save Attribute</text><text id="bundleName">SaveAttribute.behavior</text><text id="targetAttribute">game.attributes.id904252</text><text id="key">key3</text></attributes></behavior></behaviors><elseBehaviors><behavior id="id875322" class="LoadAttributeAction" enabled="true"><attributes><text id="name">Load Attribute</text><text id="bundleName">LoadAtribute.behavior</text><text id="targetAttribute">game.attributes.id904252</text><text id="key">key3</text></attributes></behavior></elseBehaviors></behavior><behavior enabled="true" id="id709597" class="RuleBehavior"><attributes><text id="name">Rule</text><text id="bundleName">Rule.behavior</text><real id="compoundConditionKind">0</real></attributes><conditions><condition id="id295118" pluginPredicateTypeIndex="0" eventType="touch"><attributes><index id="conditionType">0</index></attributes><predicate type="touch" conditionType="pressed"><attributes/></predicate></condition></conditions><behaviors><behavior id="id391951" class="DestroyAction" enabled="true"><attributes><text id="name">Destroy</text><text id="bundleName">Destroy.behavior</text></attributes></behavior><behavior id="id628804" class="ChangeAttributeAction" enabled="true"><attributes><text id="name">Change Attribute</text><text id="bundleName">ChangeAttribute.behavior</text><text id="targetAttribute">game.attributes.id771612</text><text id="RHS">false</text></attributes></behavior></behaviors><elseBehaviors/></behavior><behavior id="id867502" class="DisplayTextBehavior" enabled="true"><attributes><text id="name">Display Text</text><text id="bundleName">DisplayText.behavior</text><text id="text">NEW HIGH SCORE!
Click to enter your name</text><text id="font">Arial</text><real id="size">30</real><index id="alignment">1</index><boolean id="wrap">true</boolean><color id="color"><real id="red">0</real><real id="green">0</real><real id="blue">0</real><real id="alpha">1</real></color></attributes></behavior><behavior id="id653636" class="ConstrainAttributeBehavior" enabled="true"><attributes><text id="name">Constrain Attribute</text><text id="bundleName">ConstrainAttribute.behavior</text><text id="targetAttribute">self.attributes.position.x</text><text id="RHS">241</text></attributes></behavior><behavior id="id770312" class="ConstrainAttributeBehavior" enabled="true"><attributes><text id="name">Constrain Attribute</text><text id="bundleName">ConstrainAttribute.behavior</text><text id="targetAttribute">self.attributes.position.y</text><text id="RHS">267</text></attributes></behavior></behaviors><aspects><graphics><attributes><boolean id="visible">true</boolean><enumeration id="blendingMode">0</enumeration><enumeration id="horizontalWrap">0</enumeration><enumeration id="verticalWrap">0</enumeration><enumeration id="horizontalAnchor">0</enumeration><enumeration id="verticalAnchor">0</enumeration><boolean id="flipHorizontally">false</boolean><boolean id="flipVertically">false</boolean></attributes></graphics><motion><attributes><point id="linearVelocity"><real id="x">0</real><real id="y">0</real></point><real id="angularVelocity">0</real><real id="maxSpeed">0</real><boolean id="applyMaxSpeed">false</boolean></attributes></motion><physics><attributes><real id="density">1</real><real id="friction">3</real><real id="restitution">1</real><boolean id="fixedRotation">false</boolean><boolean id="movable">true</boolean><enumeration id="collisionShape">0</enumeration><real id="drag">0</real><real id="angularDrag">0</real></attributes></physics></aspects></actor>
