<?xml version="1.0" encoding="UTF-8"?>
<actor PGFVersion="0.17" id="id299853" GSCVersion="0.9.92"><attributes><text id="name">Tap to start playing</text><real id="time">0</real><point id="position"><real id="x">0</real><real id="y">0</real></point><size id="size"><real id="width">403</real><real id="height">57</real></size><angle id="rotation">0</angle><color id="color"><real id="red">1</real><real id="green">1</real><real id="blue">1</real><real id="alpha">0</real></color><image id="image"></image><text id="tags"></text><boolean id="preloadArt">true</boolean></attributes><behaviors><behavior id="id295318" class="DisplayTextBehavior" enabled="true"><attributes><text id="name">Display Text</text><text id="bundleName">DisplayText.behavior</text><text id="text">Tap to start playing</text><text id="font">Futura</text><real id="size">30</real><index id="alignment">1</index><boolean id="wrap">true</boolean><color id="color"><real id="red">1</real><real id="green">1</real><real id="blue">1</real><real id="alpha">1</real></color></attributes></behavior><behavior id="id305731" class="ConstrainAttributeBehavior" enabled="true"><attributes><text id="name">Constrain Attribute</text><text id="bundleName">ConstrainAttribute.behavior</text><text id="targetAttribute">self.attributes.position.x</text><text id="RHS">239.5</text></attributes></behavior><behavior id="id682274" class="ConstrainAttributeBehavior" enabled="true"><attributes><text id="name">Constrain Attribute</text><text id="bundleName">ConstrainAttribute.behavior</text><text id="targetAttribute">self.attributes.position.y</text><text id="RHS">54.5</text></attributes></behavior><behavior enabled="true" id="id252445" class="RuleBehavior"><attributes><text id="name">Rule</text><text id="bundleName">Rule.behavior</text><real id="compoundConditionKind">0</real></attributes><conditions><condition id="id144184" pluginPredicateTypeIndex="0" eventType="mouse position"><attributes><index id="conditionType">1</index><text id="subjectAttribute">game.attributes.id302786</text></attributes><predicate type="boolean"><attributes><index id="RHS">1</index></attributes></predicate></condition></conditions><behaviors><behavior id="id624715" class="DestroyAction" enabled="true"><attributes><text id="name">Destroy</text><text id="bundleName">Destroy.behavior</text></attributes></behavior></behaviors><elseBehaviors/></behavior></behaviors><aspects><graphics><attributes><boolean id="visible">true</boolean><enumeration id="blendingMode">0</enumeration><enumeration id="horizontalWrap">0</enumeration><enumeration id="verticalWrap">0</enumeration><enumeration id="horizontalAnchor">0</enumeration><enumeration id="verticalAnchor">0</enumeration><boolean id="flipHorizontally">false</boolean><boolean id="flipVertically">false</boolean></attributes></graphics><motion><attributes><point id="linearVelocity"><real id="x">0</real><real id="y">0</real></point><real id="angularVelocity">0</real><real id="maxSpeed">0</real><boolean id="applyMaxSpeed">false</boolean></attributes></motion><physics><attributes><real id="density">1</real><real id="friction">3</real><real id="restitution">1</real><boolean id="fixedRotation">false</boolean><boolean id="movable">true</boolean><enumeration id="collisionShape">0</enumeration><real id="drag">0</real><real id="angularDrag">0</real></attributes></physics></aspects></actor>
